⚠ Warning: Next.js inferred your workspace root, but it may not be correct.
 We detected multiple lockfiles and selected the directory of C:\Users\pc\Desktop\AWS site\package-lock.json as the root directory.
 To silence this warning, set `turbopack.root` in your Next.js config, or consider removing one of the lockfiles if it's not needed.
   See https://nextjs.org/docs/app/api-reference/config/next-config-js/turbopack#root-directory for more information.
 Detected additional lockfiles: 
   * C:\Users\pc\Desktop\AWS site\cloud-changelog\package-lock.json

⨯ Error: Cannot find module '@aws-sdk/lib-dynamodb'
    at <unknown> (C:\Users\pc\Desktop\AWS site\cloud-changelog\.next\dev\server\chunks\[root-of-the-server]__104mlun._.js:118:15)
    at module evaluation (C:\Users\pc\Desktop\AWS site\cloud-changelog\.next\dev\server\chunks\[root-of-the-server]__104mlun._.js:121:3) {
  type: 'Error',
  code: 'MODULE_NOT_FOUND',
  page: '/api/articles/netflix-aws-architecture-deep-dive'
}



#
<--- Last few GCs --->
# Fatal process out of memory: Failed to reserve virtual memory for CodeRange

#

----- Native stack trace -----
<--- JS stacktrace --->




#
# Fatal JavaScript out of memory: MemoryChunk allocation failed during deserialization.
#
----- Native stack trace -----


<--- Last few GCs --->


<--- JS stacktrace --->



#

# Fatal JavaScript out of memory: MemoryChunk allocation failed during deserialization.

#
#
----- Native stack trace -----
# Fatal JavaScript out of memory: MemoryChunk allocation failed during deserialization.

#
----- Native stack trace -----



#
# Fatal JavaScript out of memory: MemoryChunk allocation failed during deserialization.
#
----- Native stack trace -----



#
# Fatal JavaScript out of memory: MemoryChunk allocation failed during deserialization.
#
----- Native stack trace -----


<--- Last few GCs --->


<--- JS stacktrace --->



#
# Fatal JavaScript out of memory: MemoryChunk allocation failed during deserialization.
#
----- Native stack trace -----


<--- Last few GCs --->


<--- Last few GCs --->


<--- JS stacktrace --->




<--- JS stacktrace --->






#

#

#
# Fatal JavaScript out of memory: MemoryChunk allocation failed during deserialization.
#
# Fatal JavaScript out of memory: MemoryChunk allocation failed during deserialization.

# Fatal JavaScript out of memory: MemoryChunk allocation failed during deserialization.

#
# Fatal JavaScript out of memory: MemoryChunk allocation failed during deserialization.
#
#
#
<--- Last few GCs --->
----- Native stack trace -----
#
----- Native stack trace -----
# Fatal JavaScript out of memory: MemoryChunk allocation failed during deserialization.
----- Native stack trace -----


----- Native stack trace -----

#



----- Native stack trace -----
<--- JS stacktrace --->








<--- Last few GCs --->
#
<--- Last few GCs --->
<--- Last few GCs --->

<--- Last few GCs --->

# Fatal JavaScript out of memory: MemoryChunk allocation failed during deserialization.


<--- Last few GCs --->


#




<--- JS stacktrace --->
----- Native stack trace -----
<--- JS stacktrace --->
<--- JS stacktrace --->


<--- JS stacktrace --->





<--- JS stacktrace --->



FATAL ERROR: Committing semi space failed. Allocation failed - JavaScript heap out of memory

#




----- Native stack trace -----

# Fatal JavaScript out of memory: MemoryChunk allocation failed during deserialization.


#
#


#
#


#
# Fatal JavaScript out of memory: MemoryChunk allocation failed during deserialization.
# Fatal JavaScript out of memory: MemoryChunk allocation failed during deserialization.

# Fatal JavaScript out of memory: MemoryChunk allocation failed during deserialization.
----- Native stack trace -----
#

# Fatal JavaScript out of memory: MemoryChunk allocation failed during deserialization.
#
#
#
#

# Fatal JavaScript out of memory: MemoryChunk allocation failed during deserialization.
#
#
----- Native stack trace -----
----- Native stack trace -----
# Fatal JavaScript out of memory: MemoryChunk allocation failed during deserialization.
----- Native stack trace -----
#
# Fatal JavaScript out of memory: MemoryChunk allocation failed during deserialization.
----- Native stack trace -----


#

----- Native stack trace -----
#

----- Native stack trace -----

----- Native stack trace -----




#
# Fatal JavaScript out of memory: MemoryChunk allocation failed during deserialization.
#
----- Native stack trace -----



#
# Fatal error in , line 0
# Out of memory: HashMap::Initialize
#
#
#
#FailureMessage Object: 0000001BBABFED30
----- Native stack trace -----












#

<--- Last few GCs --->
<--- Last few GCs --->
<--- Last few GCs --->

<--- Last few GCs --->
<--- Last few GCs --->
<--- Last few GCs --->

# Fatal JavaScript out of memory: MemoryChunk allocation failed during deserialization.
#



#



#
# Fatal JavaScript out of memory: MemoryChunk allocation failed during deserialization.
#



# Fatal error in , line 0




# Fatal JavaScript out of memory: MemoryChunk allocation failed during deserialization.
#
----- Native stack trace -----
<--- JS stacktrace --->
<--- JS stacktrace --->
<--- JS stacktrace --->
# Out of memory: HashMap::Initialize
<--- JS stacktrace --->
<--- JS stacktrace --->
<--- Last few GCs --->
<--- JS stacktrace --->
#
----- Native stack trace -----




#




----- Native stack trace -----

 1: 00007FF676D1A2ED 



#



FATAL ERROR: Committing semi space failed. Allocation failed - JavaScript heap out of memory

 2: 00007FF676BFBDEF 



#


<--- JS stacktrace --->
----- Native stack trace -----
 3: 00007FF677DF5336 
#
#
#
#FailureMessage Object: 00000050621FB260
#
#


 4: 00007FF677802F33 
# Fatal JavaScript out of memory: MemoryChunk allocation failed during deserialization.
# Fatal JavaScript out of memory: MemoryChunk allocation failed during deserialization.
# Fatal JavaScript out of memory: MemoryChunk allocation failed during deserialization.
----- Native stack trace -----
# Fatal JavaScript out of memory: MemoryChunk allocation failed during deserialization.
# Fatal JavaScript out of memory: MemoryChunk allocation failed during deserialization.

 5: 00007FF6777EFB66 
#
#
#

#
#

 6: 00007FF67763CDC0 
----- Native stack trace -----
----- Native stack trace -----
----- Native stack trace -----
----- Native stack trace -----
----- Native stack trace -----
#
 7: 00007FF677604D7A 





# Fatal JavaScript out of memory: MemoryChunk allocation failed during deserialization.
 8: 00007FF677605390 
 1: 00007FF676D1A2ED 
#
 9: 00007FF677605095 
 2: 00007FF676BFBDEF 
----- Native stack trace -----
10: 00007FF6775F4A7B 
 3: 00007FF677DF5336 

11: 00007FF6775F404A 
 4: 00007FF677802F33 
12: 00007FF67764AB22 
 5: 00007FF6777EFB66 
13: 00007FF6776AED8D 
 6: 00007FF67763CDC0 
14: 00007FF6772DDD75 
 7: 00007FF677604D7A 
15: 00007FF6777F8B31 
 8: 00007FF677605390 
16: 00007FF676D58D8D 
 9: 00007FF677605095 
17: 00007FF676B3D03A 
10: 00007FF6775EAB73 
18: 00007FF676B41C4A 
11: 00007FF67762B0D6 
19: 00007FF676B373E5 
12: 00007FF67762AD60 
20: 00007FF676D79893 
13: 00007FF67762A4A8 
21: 00007FF6785012DE 
14: 00007FF677629C01 
22: 00007FF85572E957 
15: 00007FF6772F8B27 
23: 00007FF85798427C 
16: 00007FF6772FA486 
17: 00007FF6772F5DA7 
18: 00007FF6772FAB4F 
19: 00007FF6772D5764 
20: 00007FF6772EDD4A 
21: 00007FF6772DF6DB 
22: 00007FF6776AF189 
23: 00007FF6772DDD75 
24: 00007FF6777F8B31 
25: 00007FF676D58D8D 
26: 00007FF676B3D03A 
27: 00007FF676B41C4A 
28: 00007FF676B373E5 
29: 00007FF676D79893 
30: 00007FF6785012DE 
31: 00007FF85572E957 
32: 00007FF85798427C 

<--- Last few GCs --->


<--- JS stacktrace --->



#
# Fatal JavaScript out of memory: MemoryChunk allocation failed during deserialization.
#
----- Native stack trace -----

 1: 00007FF676D1A2ED 
 2: 00007FF676BFBDEF 
 3: 00007FF677DF5336 
 4: 00007FF677802F33 
 5: 00007FF6777EFB66 
 6: 00007FF67763CDC0 
 7: 00007FF677604D7A 
 8: 00007FF677605390 
 9: 00007FF677605095 
10: 00007FF6775EAB73 
11: 00007FF67762B0D6 
12: 00007FF67762AD60 
13: 00007FF67762A4A8 
14: 00007FF677629C01 
15: 00007FF67764F5C1 
16: 00007FF67764FF28 
17: 00007FF6772F8B9F 
18: 00007FF6772FA486 
19: 00007FF6772F4EA5 
20: 00007FF6772F9D3C 
21: 00007FF6772FA5A2 
22: 00007FF6772F4EA5 
23: 00007FF6772F9D3C 
24: 00007FF6772FA5A2 
25: 00007FF6772F4EA5 
26: 00007FF6772F9D3C 
27: 00007FF6772FA5A2 
28: 00007FF6772F4EA5 
29: 00007FF6772F9D3C 
30: 00007FF6772FA5A2 
31: 00007FF6772F5DA7 
32: 00007FF6772FAB4F 
33: 00007FF677642CAC 
34: 00007FF6772D5DD1 
35: 00007FF6776AF1E5 
36: 00007FF6772DDD75 
37: 00007FF6777F8B31 
38: 00007FF676D58D8D 
39: 00007FF676B3D03A 
40: 00007FF676B41C4A 
41: 00007FF676B373E5 
42: 00007FF676D79893 
43: 00007FF6785012DE 
44: 00007FF85572E957 
45: 00007FF85798427C 

<--- Last few GCs --->


<--- JS stacktrace --->



#
# Fatal JavaScript out of memory: MemoryChunk allocation failed during deserialization.
#
----- Native stack trace -----

 1: 00007FF676D1A2ED node::SetCppgcReference+17725
 2: 00007FF676BFBDEF node::TriggerNodeReport+73871
 3: 00007FF677DF5336 v8::base::FatalOOM+54
 4: 00007FF677802F33 v8::Isolate::ReportExternalAllocationLimitReached+147
 5: 00007FF6777EFB66 v8::Function::Experimental_IsNopFunction+2870
 6: 00007FF67763CDC0 v8::internal::StrongRootAllocatorBase::StrongRootAllocatorBase+31456
 7: 00007FF677604D7A v8::CpuProfileNode::GetScriptResourceNameStr+3146
 8: 00007FF677605390 v8::CpuProfileNode::GetScriptResourceNameStr+4704
 9: 00007FF677605095 v8::CpuProfileNode::GetScriptResourceNameStr+3941
10: 00007FF6775EAB73 v8::PrimitiveArray::Length+85907
11: 00007FF67762B0D6 v8::CpuProfileNode::GetScriptResourceNameStr+159654
12: 00007FF67762AD60 v8::CpuProfileNode::GetScriptResourceNameStr+158768
13: 00007FF67762A4A8 v8::CpuProfileNode::GetScriptResourceNameStr+156536
14: 00007FF677629C01 v8::CpuProfileNode::GetScriptResourceNameStr+154321
15: 00007FF67764F5C1 v8::Isolate::GetHeapProfiler+7601
16: 00007FF67764FF28 v8::Isolate::GetHeapProfiler+10008
17: 00007FF6772F8B9F v8::base::AddressSpaceReservation::AddressSpaceReservation+121583
18: 00007FF6772FA486 v8::base::AddressSpaceReservation::AddressSpaceReservation+127958
19: 00007FF6772F5DA7 v8::base::AddressSpaceReservation::AddressSpaceReservation+109815
20: 00007FF6772FAB4F v8::base::AddressSpaceReservation::AddressSpaceReservation+129695
21: 00007FF6772D5764 v8::internal::Version::GetString+92372
22: 00007FF677642D99 v8::internal::StrongRootAllocatorBase::StrongRootAllocatorBase+55993
23: 00007FF6772D5DD1 v8::internal::Version::GetString+94017
24: 00007FF6776AF1E5 v8::base::CPU::has_sse41+75349
25: 00007FF6772DDD75 v8::base::AddressSpaceReservation::AddressSpaceReservation+11461
26: 00007FF6777F8B31 v8::Isolate::Initialize+433

27: 00007FF676D58D8D node::NewContext+397

<--- Last few GCs --->
28: 00007FF676B3D03A RSA_meth_get_flags+214778



29: 00007FF676B41C4A RSA_meth_get_flags+234250
#

<--- Last few GCs --->
30: 00007FF676B373E5 RSA_meth_get_flags+191141
# Fatal error in , line 0
<--- JS stacktrace --->

31: 00007FF676D79893 uv_poll_stop+291
# Out of memory: HashMap::Initialize




32: 00007FF6785012DE inflateValidate+159742
#

<--- Last few GCs --->
<--- JS stacktrace --->

33: 00007FF85572E957 BaseThreadInitThunk+23
#



#
34: 00007FF85798427C RtlUserThreadStart+44
#
#

FATAL ERROR: Committing semi space failed. Allocation failed - JavaScript heap out of memory
# Fatal JavaScript out of memory: MemoryChunk allocation failed during deserialization.
#FailureMessage Object: 00000087A93FE5A0
# Fatal JavaScript out of memory: MemoryChunk allocation failed during deserialization.
<--- JS stacktrace --->
----- Native stack trace -----
#
----- Native stack trace -----
#

 1: 00007FF676D1A2ED node::SetCppgcReference+17725

----- Native stack trace -----

----- Native stack trace -----
FATAL ERROR: Committing semi space failed. Allocation failed - JavaScript heap out of memory
 2: 00007FF676BFBDEF node::TriggerNodeReport+73871


----- Native stack trace -----
 3: 00007FF677DF5336 v8::base::FatalOOM+54

 4: 00007FF677802F33 v8::Isolate::ReportExternalAllocationLimitReached+147
 5: 00007FF6777EFB66 v8::Function::Experimental_IsNopFunction+2870
 6: 00007FF67763CDC0 v8::internal::StrongRootAllocatorBase::StrongRootAllocatorBase+31456
 7: 00007FF677604D7A v8::CpuProfileNode::GetScriptResourceNameStr+3146
 8: 00007FF677605390 v8::CpuProfileNode::GetScriptResourceNameStr+4704
 9: 00007FF677605095 v8::CpuProfileNode::GetScriptResourceNameStr+3941
10: 00007FF6775EAB73 v8::PrimitiveArray::Length+85907
11: 00007FF67762B0D6 v8::CpuProfileNode::GetScriptResourceNameStr+159654
12: 00007FF67762AD60 v8::CpuProfileNode::GetScriptResourceNameStr+158768
13: 00007FF67762A4A8 v8::CpuProfileNode::GetScriptResourceNameStr+156536
14: 00007FF677629C01 v8::CpuProfileNode::GetScriptResourceNameStr+154321
15: 00007FF67764F5C1 v8::Isolate::GetHeapProfiler+7601
16: 00007FF67764FF28 v8::Isolate::GetHeapProfiler+10008
17: 00007FF6772F8B9F v8::base::AddressSpaceReservation::AddressSpaceReservation+121583
18: 00007FF6772FA486 v8::base::AddressSpaceReservation::AddressSpaceReservation+127958
19: 00007FF6772F4EA5 v8::base::AddressSpaceReservation::AddressSpaceReservation+105973
20: 00007FF6772F9D3C v8::base::AddressSpaceReservation::AddressSpaceReservation+126092
21: 00007FF6772FA5A2 v8::base::AddressSpaceReservation::AddressSpaceReservation+128242
22: 00007FF6772F4EA5 v8::base::AddressSpaceReservation::AddressSpaceReservation+105973
23: 00007FF6772F9D3C v8::base::AddressSpaceReservation::AddressSpaceReservation+126092
24: 00007FF6772FA5A2 v8::base::AddressSpaceReservation::AddressSpaceReservation+128242
25: 00007FF6772F4EA5 v8::base::AddressSpaceReservation::AddressSpaceReservation+105973
26: 00007FF6772F9D3C v8::base::AddressSpaceReservation::AddressSpaceReservation+126092
27: 00007FF6772FA5A2 v8::base::AddressSpaceReservation::AddressSpaceReservation+128242
28: 00007FF6772F4EA5 v8::base::AddressSpaceReservation::AddressSpaceReservation+105973
29: 00007FF6772F9D3C v8::base::AddressSpaceReservation::AddressSpaceReservation+126092
30: 00007FF6772FA5A2 v8::base::AddressSpaceReservation::AddressSpaceReservation+128242
31: 00007FF6772F5DA7 v8::base::AddressSpaceReservation::AddressSpaceReservation+109815
32: 00007FF6772FAB4F v8::base::AddressSpaceReservation::AddressSpaceReservation+129695
33: 00007FF677642CAC v8::internal::StrongRootAllocatorBase::StrongRootAllocatorBase+55756
34: 00007FF6772D5DD1 v8::internal::Version::GetString+94017
35: 00007FF6776AF1E5 v8::base::CPU::has_sse41+75349
36: 00007FF6772DDD75 v8::base::AddressSpaceReservation::AddressSpaceReservation+11461
37: 00007FF6777F8B31 v8::Isolate::Initialize+433
38: 00007FF676D58D8D node::NewContext+397
39: 00007FF676B3D03A RSA_meth_get_flags+214778
40: 00007FF676B41C4A RSA_meth_get_flags+234250
41: 00007FF676B373E5 RSA_meth_get_flags+191141
42: 00007FF676D79893 uv_poll_stop+291
43: 00007FF6785012DE inflateValidate+159742
44: 00007FF85572E957 BaseThreadInitThunk+23
45: 00007FF85798427C 
 1: 00007FF676D1A2ED 
 2: 00007FF676BFBDEF 
 3: 00007FF677DF5336 
 4: 00007FF677802F33 
 5: 00007FF6777EFB66 
 6: 00007FF67763CDC0 
 7: 00007FF677604D7A 
 8: 00007FF677605390 
 9: 00007FF677605095 
10: 00007FF6775EAB73 
11: 00007FF67762B0D6 
12: 00007FF67762AD60 
13: 00007FF67762A4A8 
14: 00007FF677629C01 
15: 00007FF6772F8B27 
16: 00007FF6772FA486 
17: 00007FF6772F4EA5 
18: 00007FF6772F9D3C 
 1: 00007FF676D1A2ED 
19: 00007FF6772FA5A2 
 2: 00007FF676BFBDEF 
20: 00007FF6772F4EA5 
 3: 00007FF677DF5336 
21: 00007FF6772F9D3C 
 4: 00007FF677802F33 
22: 00007FF6772FA5A2 
 5: 00007FF6777EFB66 
23: 00007FF6772F4EA5 
 6: 00007FF67763CDC0 
24: 00007FF6772F9D3C 
 7: 00007FF677604D7A 
25: 00007FF6772FA5A2 
 8: 00007FF677605390 
26: 00007FF6772F5DA7 
 9: 00007FF677605095 
27: 00007FF6772FAB4F 
10: 00007FF6775EAB73 
 1: 00007FF676D1A2ED node::SetCppgcReference+17725
28: 00007FF677642CAC 
11: 00007FF67762B0D6 
 1: 00007FF676D1A2ED 
 1: 00007FF676D1A2ED node::SetCppgcReference+17725
 1: 00007FF676D1A2ED 
29: 00007FF6772D5DD1 
 2: 00007FF676BFBDEF node::TriggerNodeReport+73871
12: 00007FF67762AD60 
 2: 00007FF676BFBDEF node::TriggerNodeReport+73871
 2: 00007FF676BFBDEF 
 2: 00007FF676C81EA8 
30: 00007FF6776AF1E5 
 3: 00007FF677DF5336 v8::base::FatalOOM+54
13: 00007FF67762A4A8 
 3: 00007FF677DF5336 v8::base::FatalOOM+54
 3: 00007FF677DF5336 
 3: 00007FF677802EE1 
31: 00007FF6772DDD75 
 4: 00007FF677802F33 v8::Isolate::ReportExternalAllocationLimitReached+147
14: 00007FF677629C01 
 4: 00007FF677802F33 v8::Isolate::ReportExternalAllocationLimitReached+147
 4: 00007FF677802F33 
 4: 00007FF6777EFB66 
32: 00007FF6777F8B31 
 5: 00007FF6777EFB66 v8::Function::Experimental_IsNopFunction+2870
15: 00007FF67764F5C1 
 5: 00007FF6777EFB66 
 5: 00007FF6777EFB66 v8::Function::Experimental_IsNopFunction+2870
 5: 00007FF67763CDC0 
33: 00007FF676D58D8D 
 6: 00007FF67763CDC0 v8::internal::StrongRootAllocatorBase::StrongRootAllocatorBase+31456
16: 00007FF67764FF28 
 6: 00007FF67763CDC0 
 6: 00007FF67763CDC0 v8::internal::StrongRootAllocatorBase::StrongRootAllocatorBase+31456
 6: 00007FF6775F58D3 
34: 00007FF676B3D03A 
 7: 00007FF677604D7A v8::CpuProfileNode::GetScriptResourceNameStr+3146
17: 00007FF6772F8B9F 
 7: 00007FF677604D7A v8::CpuProfileNode::GetScriptResourceNameStr+3146
 7: 00007FF677604D7A 
35: 00007FF676B41C4A 
 7: 00007FF677645F0F 
 8: 00007FF677605390 v8::CpuProfileNode::GetScriptResourceNameStr+4704
18: 00007FF6772FA486 
 8: 00007FF677605390 v8::CpuProfileNode::GetScriptResourceNameStr+4704
 8: 00007FF677605390 
 8: 00007FF677636752 
36: 00007FF676B373E5 
19: 00007FF6772F4EA5 
 9: 00007FF677604E12 v8::CpuProfileNode::GetScriptResourceNameStr+3298
 9: 00007FF677605095 
 9: 00007FF677605095 v8::CpuProfileNode::GetScriptResourceNameStr+3941
 9: 00007FF677632155 
37: 00007FF676D79893 
10: 00007FF6775F4A7B v8::PrimitiveArray::Length+126619
20: 00007FF6772F9D3C 
10: 00007FF6775F4A7B 
10: 00007FF67762D0AB v8::CpuProfileNode::GetScriptResourceNameStr+167803
10: 00007FF676FB54CD 
38: 00007FF6785012DE 
11: 00007FF6775F404A v8::PrimitiveArray::Length+124010
21: 00007FF6772FA5A2 
11: 00007FF67762D315 v8::CpuProfileNode::GetScriptResourceNameStr+168421
11: 00007FF6775F404A 
39: 00007FF85572E957 BaseThreadInitThunk+23
12: 00007FF67764AB22 v8::internal::StrongRootAllocatorBase::StrongRootAllocatorBase+88130
22: 00007FF6772F4EA5 
12: 00007FF67762D466 v8::CpuProfileNode::GetScriptResourceNameStr+168758
12: 00007FF67764AB22 
40: 00007FF85798427C RtlUserThreadStart+44
13: 00007FF6776AED8D v8::base::CPU::has_sse41+74237
23: 00007FF6772F9D3C 
13: 00007FF67764ED84 v8::Isolate::GetHeapProfiler+5492
13: 00007FF6776AED8D 
14: 00007FF6772DDD75 v8::base::AddressSpaceReservation::AddressSpaceReservation+11461
24: 00007FF6772FA5A2 
14: 00007FF6772F8AEB v8::base::AddressSpaceReservation::AddressSpaceReservation+121403
14: 00007FF6772DDD75 
15: 00007FF6777F8B31 v8::Isolate::Initialize+433
25: 00007FF6772F4EA5 
15: 00007FF6772FA486 v8::base::AddressSpaceReservation::AddressSpaceReservation+127958
15: 00007FF6777F8B31 
16: 00007FF676D58D8D node::NewContext+397
26: 00007FF6772F9D3C 
16: 00007FF6772F5DA7 v8::base::AddressSpaceReservation::AddressSpaceReservation+109815
16: 00007FF676D58D8D 
17: 00007FF676B3D03A RSA_meth_get_flags+214778
27: 00007FF6772FA5A2 
17: 00007FF6772FAB4F v8::base::AddressSpaceReservation::AddressSpaceReservation+129695
17: 00007FF676B3D03A 
18: 00007FF676B41C4A RSA_meth_get_flags+234250
28: 00007FF6772F4EA5 
18: 00007FF677642CAC v8::internal::StrongRootAllocatorBase::StrongRootAllocatorBase+55756
18: 00007FF676B41C4A 
19: 00007FF676B373E5 RSA_meth_get_flags+191141
29: 00007FF6772F9D3C 
19: 00007FF6772D5DD1 v8::internal::Version::GetString+94017
19: 00007FF676B373E5 
20: 00007FF676D79893 uv_poll_stop+291
30: 00007FF6772FA5A2 
20: 00007FF6776AF1E5 v8::base::CPU::has_sse41+75349
20: 00007FF676D79893 
21: 00007FF6785012DE inflateValidate+159742
31: 00007FF6772F5DA7 
21: 00007FF6772DDD75 v8::base::AddressSpaceReservation::AddressSpaceReservation+11461
21: 00007FF6785012DE 
22: 00007FF85572E957 BaseThreadInitThunk+23
32: 00007FF6772FAB4F 
22: 00007FF6777F8B31 v8::Isolate::Initialize+433
22: 00007FF85572E957 BaseThreadInitThunk+23
23: 00007FF85798427C RtlUserThreadStart+44
33: 00007FF677642CAC 
23: 00007FF676D58D8D node::NewContext+397
23: 00007FF85798427C RtlUserThreadStart+44
34: 00007FF6772D5DD1 
24: 00007FF676B3D03A RSA_meth_get_flags+214778
35: 00007FF6776AF1E5 
25: 00007FF676B41C4A RSA_meth_get_flags+234250
36: 00007FF6772DDD75 
26: 00007FF676B373E5 RSA_meth_get_flags+191141
37: 00007FF6777F8B31 
27: 00007FF676D79893 uv_poll_stop+291
38: 00007FF676D58D8D 
28: 00007FF6785012DE inflateValidate+159742
39: 00007FF676B3D03A 
29: 00007FF85572E957 BaseThreadInitThunk+23
40: 00007FF676B41C4A 
30: 00007FF85798427C RtlUserThreadStart+44
41: 00007FF676B373E5 
42: 00007FF676D79893 
43: 00007FF6785012DE 
44: 00007FF85572E957 BaseThreadInitThunk+23
45: 00007FF85798427C RtlUserThreadStart+44
 1: 00007FF676D1A2ED 
 1: 00007FF676D1A2ED 
 2: 00007FF676BFBDEF 
 3: 00007FF677DF5336 
 4: 00007FF677802F33 
 5: 00007FF6777EFB66 
 6: 00007FF67763CDC0 
 7: 00007FF677604D7A 
 8: 00007FF677605390 
 9: 00007FF677605095 
10: 00007FF6775F4A7B 
11: 00007FF6775F404A 
12: 00007FF67764AB22 
13: 00007FF6776AED8D 
14: 00007FF6772DDD75 
15: 00007FF6777F8B31 
16: 00007FF676D58D8D 
17: 00007FF676B3D03A 
18: 00007FF676B41C4A 
19: 00007FF676B373E5 
20: 00007FF676D79893 
21: 00007FF6785012DE 
22: 00007FF85572E957 BaseThreadInitThunk+23
23: 00007FF85798427C RtlUserThreadStart+44

<--- Last few GCs --->


<--- JS stacktrace --->
 2: 00007FF676BFBDEF 

 3: 00007FF677DF5336 
FATAL ERROR: Committing semi space failed. Allocation failed - JavaScript heap out of memory
 4: 00007FF677802F33 
----- Native stack trace -----
 5: 00007FF6777EFB66 

 6: 00007FF67763CDC0 
 7: 00007FF677604D7A 
 8: 00007FF677605390 
 9: 00007FF677605095 
10: 00007FF6775EAB73 
11: 00007FF67762B0D6 
12: 00007FF67762AD60 
13: 00007FF67762A4A8 
14: 00007FF677629C01 
15: 00007FF6772F8B27 
16: 00007FF6772FA486 
17: 00007FF6772F4EA5 
18: 00007FF6772F9D3C 
19: 00007FF6772FA5A2 
20: 00007FF6772F4EA5 
21: 00007FF6772F9D3C 
22: 00007FF6772FA5A2 
23: 00007FF6772F4EA5 
24: 00007FF6772F9D3C 
25: 00007FF6772FA5A2 
26: 00007FF6772F5DA7 
27: 00007FF6772FAB4F 
28: 00007FF677642CAC 
29: 00007FF6772D5DD1 
30: 00007FF6776AF1E5 
31: 00007FF6772DDD75 
32: 00007FF6777F8B31 
33: 00007FF676D58D8D 
34: 00007FF676B3D03A 
35: 00007FF676B41C4A 
36: 00007FF676B373E5 
37: 00007FF676D79893 
38: 00007FF6785012DE 
39: 00007FF85572E957 BaseThreadInitThunk+23
40: 00007FF85798427C RtlUserThreadStart+44
 1: 00007FF676D1A2ED 
 2: 00007FF676BFBDEF 
 3: 00007FF677DF5336 
 4: 00007FF677802F33 
 5: 00007FF6777EFB66 
 6: 00007FF67763CDC0 
 7: 00007FF677604D7A 
 8: 00007FF677605390 
 9: 00007FF677605095 
10: 00007FF6775F4A7B 
11: 00007FF6775F404A 
12: 00007FF67764AB22 
13: 00007FF6776AED8D 
14: 00007FF6772DDD75 
15: 00007FF6777F8B31 
16: 00007FF676D58D8D 
17: 00007FF676B3D03A 
18: 00007FF676B41C4A 
19: 00007FF676B373E5 
20: 00007FF676D79893 
21: 00007FF6785012DE 
22: 00007FF85572E957 BaseThreadInitThunk+23
23: 00007FF85798427C RtlUserThreadStart+44
 1: 00007FF676D1A2ED 
 2: 00007FF676BFBDEF 


 3: 00007FF677DF5336 
<--- Last few GCs --->
<--- Last few GCs --->
 4: 00007FF677802F33 


 5: 00007FF6777EFB66 
[78988:0000023D53831000]     1333 ms: Scavenge 6.4 (8.0) -> 5.6 (9.7) MB, pooled: 0 MB, 1.42 / 0.00 ms  (average mu = 1.000, current mu = 1.000) allocation failure; 
 6: 00007FF67764AA8E 


 7: 00007FF6776AECA7 

<--- JS stacktrace --->
 8: 00007FF6772DDD75 
<--- JS stacktrace --->

 9: 00007FF6777F8B31 


10: 00007FF676D58D8D 
FATAL ERROR: NewSpace::EnsureCurrentCapacity Allocation failed - JavaScript heap out of memory

11: 00007FF676B3D03A 
----- Native stack trace -----
#
12: 00007FF676B41C4A 

# Fatal JavaScript out of memory: MemoryChunk allocation failed during deserialization.
13: 00007FF676B373E5 
#
14: 00007FF676D79893 
----- Native stack trace -----
15: 00007FF6785012DE 

16: 00007FF85572E957 BaseThreadInitThunk+23
17: 00007FF85798427C RtlUserThreadStart+44
 1: 00007FF676D1A2ED node::SetCppgcReference+17725
 2: 00007FF676BFBDEF node::TriggerNodeReport+73871
 3: 00007FF677DF5336 v8::base::FatalOOM+54
 4: 00007FF677802F33 v8::Isolate::ReportExternalAllocationLimitReached+147
 5: 00007FF6777EFB66 v8::Function::Experimental_IsNopFunction+2870
 6: 00007FF67763CDC0 v8::internal::StrongRootAllocatorBase::StrongRootAllocatorBase+31456
 7: 00007FF677604D7A v8::CpuProfileNode::GetScriptResourceNameStr+3146
 8: 00007FF677605390 v8::CpuProfileNode::GetScriptResourceNameStr+4704

 9: 00007FF677605095 v8::CpuProfileNode::GetScriptResourceNameStr+3941
<--- Last few GCs --->
10: 00007FF6775F4A7B v8::PrimitiveArray::Length+126619

 1: 00007FF676D1A2ED 
11: 00007FF6775F404A v8::PrimitiveArray::Length+124010

 2: 00007FF676C81EA8 
12: 00007FF67764AB22 v8::internal::StrongRootAllocatorBase::StrongRootAllocatorBase+88130
<--- JS stacktrace --->
 1: 00007FF676D1A2ED 
 1: 00007FF676D1A2ED node::SetCppgcReference+17725
 1: 00007FF676D1A2ED node::SetCppgcReference+17725
 1: 00007FF676D1A2ED node::SetCppgcReference+17725
 3: 00007FF677802EE1 
13: 00007FF6776AED8D v8::base::CPU::has_sse41+74237

 2: 00007FF676BFBDEF 
 2: 00007FF676BFBDEF node::TriggerNodeReport+73871
 2: 00007FF676C81EA8 v8::base::CPU::num_virtual_address_bits+92328
 2: 00007FF676BFBDEF node::TriggerNodeReport+73871
 4: 00007FF6777EFB66 
14: 00007FF6772DDD75 v8::base::AddressSpaceReservation::AddressSpaceReservation+11461

 3: 00007FF677DF5336 
 3: 00007FF677DF5336 v8::base::FatalOOM+54
 3: 00007FF677802EE1 v8::Isolate::ReportExternalAllocationLimitReached+65
15: 00007FF6777F8B31 v8::Isolate::Initialize+433

 4: 00007FF677802F33 
 4: 00007FF677802F33 v8::Isolate::ReportExternalAllocationLimitReached+147
 3: 00007FF677DF5336 v8::base::FatalOOM+54
 5: 00007FF67763CDC0 
 4: 00007FF6777EFB66 v8::Function::Experimental_IsNopFunction+2870
 5: 00007FF6777EFB66 
 6: 00007FF6775F58D3 
16: 00007FF676D58D8D node::NewContext+397
#
 4: 00007FF677802F33 v8::Isolate::ReportExternalAllocationLimitReached+147
 5: 00007FF6777EFB66 v8::Function::Experimental_IsNopFunction+2870
 5: 00007FF67763CDC0 v8::internal::StrongRootAllocatorBase::StrongRootAllocatorBase+31456
 5: 00007FF6777EFB66 v8::Function::Experimental_IsNopFunction+2870
 7: 00007FF677645F0F 
17: 00007FF676B3D03A RSA_meth_get_flags+214778
# Fatal JavaScript out of memory: MemoryChunk allocation failed during deserialization.
 6: 00007FF67763CDC0 
 6: 00007FF67763CDC0 v8::internal::StrongRootAllocatorBase::StrongRootAllocatorBase+31456
 6: 00007FF67761A8A2 v8::CpuProfileNode::GetScriptResourceNameStr+92018
 6: 00007FF67763CDC0 v8::internal::StrongRootAllocatorBase::StrongRootAllocatorBase+31456
 8: 00007FF677636752 
18: 00007FF676B41C4A RSA_meth_get_flags+234250
#
 7: 00007FF677604D7A 
 7: 00007FF677604D7A v8::CpuProfileNode::GetScriptResourceNameStr+3146
 7: 00007FF67764398B v8::internal::StrongRootAllocatorBase::StrongRootAllocatorBase+59051
 7: 00007FF677604D7A v8::CpuProfileNode::GetScriptResourceNameStr+3146
 9: 00007FF677632155 
 1: 00007FF676D1A2ED 
 1: 00007FF676D1A2ED node::SetCppgcReference+17725
19: 00007FF676B373E5 RSA_meth_get_flags+191141
 1: 00007FF676D1A2ED node::SetCppgcReference+17725
----- Native stack trace -----
 8: 00007FF677605390 
 8: 00007FF677605390 v8::CpuProfileNode::GetScriptResourceNameStr+4704
 8: 00007FF677645F7B v8::internal::StrongRootAllocatorBase::StrongRootAllocatorBase+68763
 2: 00007FF676BFBDEF node::TriggerNodeReport+73871
10: 00007FF676FB54CD 
20: 00007FF676D79893 uv_poll_stop+291
 2: 00007FF676BFBDEF 
 8: 00007FF677605390 v8::CpuProfileNode::GetScriptResourceNameStr+4704

 9: 00007FF677605095 
 2: 00007FF676BFBDEF node::TriggerNodeReport+73871
 9: 00007FF677605095 v8::CpuProfileNode::GetScriptResourceNameStr+3941
 9: 00007FF677636752 v8::internal::StrongRootAllocatorBase::StrongRootAllocatorBase+5234
 9: 00007FF677605095 v8::CpuProfileNode::GetScriptResourceNameStr+3941
21: 00007FF6785012DE inflateValidate+159742
 3: 00007FF677DF5755 
 3: 00007FF677DF5336 v8::base::FatalOOM+54
10: 00007FF6775EAB73 
10: 00007FF6775EAB73 v8::PrimitiveArray::Length+85907
 3: 00007FF677DF5336 v8::base::FatalOOM+54
10: 00007FF677632155 v8::CpuProfileNode::GetScriptResourceNameStr+188453
11: 00007FF67762B0D6 
22: 00007FF85572E957 BaseThreadInitThunk+23
 4: 00007FF6772C2866 
 4: 00007FF677802F33 v8::Isolate::ReportExternalAllocationLimitReached+147
10: 00007FF6775F4A7B v8::PrimitiveArray::Length+126619
 4: 00007FF677802F33 v8::Isolate::ReportExternalAllocationLimitReached+147
11: 00007FF67762B0D6 v8::CpuProfileNode::GetScriptResourceNameStr+159654
11: 00007FF676FB54CD BIO_ssl_shutdown+189
11: 00007FF6775F404A v8::PrimitiveArray::Length+124010
23: 00007FF85798427C RtlUserThreadStart+44
 5: 00007FF6772C26FC 
 5: 00007FF6777EFB66 v8::Function::Experimental_IsNopFunction+2870
12: 00007FF67764AB22 v8::internal::StrongRootAllocatorBase::StrongRootAllocatorBase+88130
 5: 00007FF6777EFB66 v8::Function::Experimental_IsNopFunction+2870
12: 00007FF67762AD60 v8::CpuProfileNode::GetScriptResourceNameStr+158768
12: 7FF8000000000000 
 6: 00007FF677762C24 
12: 00007FF67762AD60 
 1: 00007FF676D1A2ED node::SetCppgcReference+17725
 6: 00007FF67763CDC0 v8::internal::StrongRootAllocatorBase::StrongRootAllocatorBase+31456
13: 00007FF67762A4A8 
 6: 00007FF67763CDC0 v8::internal::StrongRootAllocatorBase::StrongRootAllocatorBase+31456
13: 00007FF67762A4A8 v8::CpuProfileNode::GetScriptResourceNameStr+156536
13: 00007FF6776AED8D v8::base::CPU::has_sse41+74237
 7: 00007FF6772DFECF 
 7: 00007FF677604D7A v8::CpuProfileNode::GetScriptResourceNameStr+3146
 2: 00007FF676BFBDEF node::TriggerNodeReport+73871
14: 00007FF677629C01 
 7: 00007FF677604D7A v8::CpuProfileNode::GetScriptResourceNameStr+3146
14: 00007FF677629C01 v8::CpuProfileNode::GetScriptResourceNameStr+154321
14: 00007FF6772DDD75 v8::base::AddressSpaceReservation::AddressSpaceReservation+11461
15: 00007FF6772F8B27 
 8: 00007FF677605390 v8::CpuProfileNode::GetScriptResourceNameStr+4704
 3: 00007FF677DF5336 v8::base::FatalOOM+54
 8: 00007FF6772FEFBE 
 8: 00007FF677605390 v8::CpuProfileNode::GetScriptResourceNameStr+4704
15: 00007FF67764F5C1 v8::Isolate::GetHeapProfiler+7601
15: 00007FF6777F8B31 v8::Isolate::Initialize+433
 9: 00007FF676CA6C1A 
 9: 00007FF677605095 v8::CpuProfileNode::GetScriptResourceNameStr+3941
 4: 00007FF677802F33 v8::Isolate::ReportExternalAllocationLimitReached+147
16: 00007FF6772FA486 
 9: 00007FF677605095 v8::CpuProfileNode::GetScriptResourceNameStr+3941
16: 00007FF67764FF28 v8::Isolate::GetHeapProfiler+10008
17: 00007FF6772F4EA5 
10: 00007FF676CA67F7 
10: 00007FF6775EAB73 v8::PrimitiveArray::Length+85907
 5: 00007FF6777EFB66 v8::Function::Experimental_IsNopFunction+2870
16: 00007FF676D58D8D node::NewContext+397
10: 00007FF6775F4A7B v8::PrimitiveArray::Length+126619
17: 00007FF6772F8B9F v8::base::AddressSpaceReservation::AddressSpaceReservation+121583
17: 00007FF676B3D03A RSA_meth_get_flags+214778
11: 00007FF676CA5DBF 
11: 00007FF67762B0D6 v8::CpuProfileNode::GetScriptResourceNameStr+159654
 6: 00007FF67763CDC0 v8::internal::StrongRootAllocatorBase::StrongRootAllocatorBase+31456
18: 00007FF6772F9D3C 
12: 00007FF67762AD60 v8::CpuProfileNode::GetScriptResourceNameStr+158768
18: 00007FF6772FA486 v8::base::AddressSpaceReservation::AddressSpaceReservation+127958
18: 00007FF676B41C4A RSA_meth_get_flags+234250
12: 00007FF676CA3C07 
11: 00007FF6775F404A v8::PrimitiveArray::Length+124010
 7: 00007FF677604D7A v8::CpuProfileNode::GetScriptResourceNameStr+3146
19: 00007FF6772FA5A2 
12: 00007FF67764AB22 v8::internal::StrongRootAllocatorBase::StrongRootAllocatorBase+88130
20: 00007FF6772F4EA5 
13: 00007FF6776AED8D v8::base::CPU::has_sse41+74237
13: 00007FF676CA3DC4 
13: 00007FF67762A4A8 v8::CpuProfileNode::GetScriptResourceNameStr+156536
 8: 00007FF677605390 v8::CpuProfileNode::GetScriptResourceNameStr+4704
19: 00007FF6772F4EA5 v8::base::AddressSpaceReservation::AddressSpaceReservation+105973
19: 00007FF676B373E5 RSA_meth_get_flags+191141
20: 00007FF6772F9D3C v8::base::AddressSpaceReservation::AddressSpaceReservation+126092
20: 00007FF676D79893 uv_poll_stop+291
14: 00007FF676BF18B6 
14: 00007FF677629C01 v8::CpuProfileNode::GetScriptResourceNameStr+154321
 9: 00007FF677604E12 v8::CpuProfileNode::GetScriptResourceNameStr+3298
21: 00007FF6772F9D3C 
14: 00007FF6772DDD75 v8::base::AddressSpaceReservation::AddressSpaceReservation+11461
21: 00007FF6772FA5A2 v8::base::AddressSpaceReservation::AddressSpaceReservation+128242
 1: 00007FF676D1A2ED node::SetCppgcReference+17725
 1: 00007FF676D1A2ED node::SetCppgcReference+17725
 1: 00007FF676D1A2ED node::SetCppgcReference+17725
21: 00007FF6785012DE inflateValidate+159742
15: 00007FF676D577FF 
15: 00007FF6772F8B27 v8::base::AddressSpaceReservation::AddressSpaceReservation+121463
10: 00007FF67762D0AB v8::CpuProfileNode::GetScriptResourceNameStr+167803
22: 00007FF6772FA5A2 
15: 00007FF6777F8B31 v8::Isolate::Initialize+433
22: 00007FF6772F4EA5 v8::base::AddressSpaceReservation::AddressSpaceReservation+105973
 2: 00007FF676BFBDEF node::TriggerNodeReport+73871
 2: 00007FF676C81EA8 v8::base::CPU::num_virtual_address_bits+92328
 2: 00007FF676C81EA8 v8::base::CPU::num_virtual_address_bits+92328
22: 00007FF85572E957 BaseThreadInitThunk+23
16: 00007FF676B4275D 
16: 00007FF6772FA486 v8::base::AddressSpaceReservation::AddressSpaceReservation+127958
 1: 00007FF676D1A2ED 
11: 00007FF67762D315 v8::CpuProfileNode::GetScriptResourceNameStr+168421
23: 00007FF6772F4EA5 
16: 00007FF676D58D8D node::NewContext+397
23: 00007FF6772F9D3C v8::base::AddressSpaceReservation::AddressSpaceReservation+126092
 3: 00007FF677DF5336 v8::base::FatalOOM+54
 1: 00007FF676D1A2ED 
 3: 00007FF677802EE1 v8::Isolate::ReportExternalAllocationLimitReached+65
 3: 00007FF677802EE1 v8::Isolate::ReportExternalAllocationLimitReached+65
23: 00007FF85798427C RtlUserThreadStart+44
17: 00007FF676B373E5 
17: 00007FF6772F5DA7 v8::base::AddressSpaceReservation::AddressSpaceReservation+109815
 2: 00007FF676BFBDEF 
12: 00007FF67762D466 v8::CpuProfileNode::GetScriptResourceNameStr+168758
24: 00007FF6772F9D3C 
17: 00007FF676B3D03A RSA_meth_get_flags+214778
24: 00007FF6772FA5A2 v8::base::AddressSpaceReservation::AddressSpaceReservation+128242
 4: 00007FF677802F33 v8::Isolate::ReportExternalAllocationLimitReached+147
 2: 00007FF676BFBDEF 
 4: 00007FF6777EFB66 v8::Function::Experimental_IsNopFunction+2870
 4: 00007FF6777EFB66 v8::Function::Experimental_IsNopFunction+2870
18: 00007FF676D79893 
18: 00007FF6772FAB4F v8::base::AddressSpaceReservation::AddressSpaceReservation+129695
 3: 00007FF677DF5336 
13: 00007FF67764ED84 v8::Isolate::GetHeapProfiler+5492
25: 00007FF6772FA5A2 
18: 00007FF676B41C4A RSA_meth_get_flags+234250
25: 00007FF6772F4EA5 v8::base::AddressSpaceReservation::AddressSpaceReservation+105973
 5: 00007FF6777EFB66 v8::Function::Experimental_IsNopFunction+2870
 3: 00007FF677DF5755 
 5: 00007FF67763CDC0 v8::internal::StrongRootAllocatorBase::StrongRootAllocatorBase+31456
 1: 00007FF676D1A2ED node::SetCppgcReference+17725
19: 00007FF6785012DE 
19: 00007FF677642CAC v8::internal::StrongRootAllocatorBase::StrongRootAllocatorBase+55756
 4: 00007FF677802F33 
14: 00007FF6772F8AEB v8::base::AddressSpaceReservation::AddressSpaceReservation+121403
26: 00007FF6772F5DA7 
19: 00007FF676B373E5 RSA_meth_get_flags+191141
26: 00007FF6772F9D3C v8::base::AddressSpaceReservation::AddressSpaceReservation+126092
 6: 00007FF67763CDC0 v8::internal::StrongRootAllocatorBase::StrongRootAllocatorBase+31456
 4: 00007FF6777E0FD3 
 1: 00007FF676D1A2ED 
 1: 00007FF676D1A2ED node::SetCppgcReference+17725
 5: 00007FF67763CDC0 v8::internal::StrongRootAllocatorBase::StrongRootAllocatorBase+31456
 6: 00007FF6775F58D3 v8::PrimitiveArray::Length+130291
 5: 00007FF6777EFB66 
27: 00007FF6772FAB4F 
20: 00007FF676D79893 uv_poll_stop+291
 6: 00007FF6775F58D3 v8::PrimitiveArray::Length+130291
15: 00007FF6772FA486 v8::base::AddressSpaceReservation::AddressSpaceReservation+127958
20: 00007FF85572E957 BaseThreadInitThunk+23
20: 00007FF6772D5DD1 v8::internal::Version::GetString+94017
27: 00007FF6772FA5A2 v8::base::AddressSpaceReservation::AddressSpaceReservation+128242
 7: 00007FF677604D7A v8::CpuProfileNode::GetScriptResourceNameStr+3146
28: 00007FF6772F4EA5 v8::base::AddressSpaceReservation::AddressSpaceReservation+105973
 2: 00007FF676BFBDEF 
 7: 00007FF677645F0F v8::internal::StrongRootAllocatorBase::StrongRootAllocatorBase+68655
 2: 00007FF676BFBDEF node::TriggerNodeReport+73871
 2: 00007FF676BFBDEF node::TriggerNodeReport+73871
 7: 00007FF677645F0F v8::internal::StrongRootAllocatorBase::StrongRootAllocatorBase+68655
21: 00007FF85798427C RtlUserThreadStart+44
21: 00007FF6776AF1E5 v8::base::CPU::has_sse41+75349
 6: 00007FF67763CDC0 
16: 00007FF6772F5DA7 v8::base::AddressSpaceReservation::AddressSpaceReservation+109815
28: 00007FF677642CAC 
21: 00007FF6785012DE inflateValidate+159742
 5: 00007FF6777E0A66 
 8: 00007FF677605390 v8::CpuProfileNode::GetScriptResourceNameStr+4704
 6: 00007FF6777E0D0B 
 3: 00007FF677DF5336 
 8: 00007FF677636752 v8::internal::StrongRootAllocatorBase::StrongRootAllocatorBase+5234
 3: 00007FF677DF5336 v8::base::FatalOOM+54
 3: 00007FF677DF5336 v8::base::FatalOOM+54
 7: 00007FF677604D7A 
 8: 00007FF677636752 v8::internal::StrongRootAllocatorBase::StrongRootAllocatorBase+5234
22: 00007FF6772DDD75 v8::base::AddressSpaceReservation::AddressSpaceReservation+11461
17: 00007FF6772FAB4F v8::base::AddressSpaceReservation::AddressSpaceReservation+129695
 4: 00007FF677802F33 
22: 00007FF85572E957 BaseThreadInitThunk+23
29: 00007FF6772F9D3C v8::base::AddressSpaceReservation::AddressSpaceReservation+126092
 9: 00007FF677605095 v8::CpuProfileNode::GetScriptResourceNameStr+3941
 7: 00007FF6777E0BA8 
 9: 00007FF677632155 v8::CpuProfileNode::GetScriptResourceNameStr+188453
 4: 00007FF677802F33 v8::Isolate::ReportExternalAllocationLimitReached+147
29: 00007FF6772D5DD1 
 4: 00007FF677802F33 v8::Isolate::ReportExternalAllocationLimitReached+147
 9: 00007FF677632155 v8::CpuProfileNode::GetScriptResourceNameStr+188453
23: 00007FF6777F8B31 v8::Isolate::Initialize+433
 8: 00007FF677605390 
18: 00007FF677642CAC v8::internal::StrongRootAllocatorBase::StrongRootAllocatorBase+55756
30: 00007FF6776AF1E5 
23: 00007FF85798427C RtlUserThreadStart+44
30: 00007FF6772FA5A2 v8::base::AddressSpaceReservation::AddressSpaceReservation+128242
10: 00007FF6775EAB73 v8::PrimitiveArray::Length+85907
 8: 00007FF677396AF1 
 9: 00007FF677605095 
10: 00007FF676FB54CD BIO_ssl_shutdown+189
 5: 00007FF6777EFB66 v8::Function::Experimental_IsNopFunction+2870
 5: 00007FF6777EFB66 v8::Function::Experimental_IsNopFunction+2870
10: 00007FF676FB54CD BIO_ssl_shutdown+189
24: 00007FF676D58D8D node::NewContext+397
 5: 00007FF6777EFB66 
31: 00007FF6772F5DA7 v8::base::AddressSpaceReservation::AddressSpaceReservation+109815
31: 00007FF6772DDD75 
19: 00007FF6772D5DD1 v8::internal::Version::GetString+94017
11: 00007FF67762B0D6 v8::CpuProfileNode::GetScriptResourceNameStr+159654
 6: 00007FF67763CDC0 v8::internal::StrongRootAllocatorBase::StrongRootAllocatorBase+31456
10: 00007FF6775F4A7B 
25: 00007FF676B3D03A RSA_meth_get_flags+214778
 6: 00007FF67763CDC0 v8::internal::StrongRootAllocatorBase::StrongRootAllocatorBase+31456
 9: 00007FF6773CFB66 
10: 00007FF6773CD339 
20: 00007FF6776AF1E5 v8::base::CPU::has_sse41+75349
32: 00007FF6777F8B31 
32: 00007FF6772FAB4F v8::base::AddressSpaceReservation::AddressSpaceReservation+129695
12: 00007FF67762AD60 v8::CpuProfileNode::GetScriptResourceNameStr+158768
 6: 00007FF67763CDC0 
 7: 00007FF677604D7A 
11: 00007FF6773C15A7 
 8: 00007FF677605390 
26: 00007FF676B41C4A RSA_meth_get_flags+234250
11: 00007FF6775F404A 
21: 00007FF6772DDD75 v8::base::AddressSpaceReservation::AddressSpaceReservation+11461
33: 00007FF676D58D8D 
33: 00007FF677642CAC v8::internal::StrongRootAllocatorBase::StrongRootAllocatorBase+55756
13: 00007FF67762A4A8 v8::CpuProfileNode::GetScriptResourceNameStr+156536
 7: 00007FF677604D7A v8::CpuProfileNode::GetScriptResourceNameStr+3146
 7: 00007FF677604D7A v8::CpuProfileNode::GetScriptResourceNameStr+3146
 8: 00007FF677605390 v8::CpuProfileNode::GetScriptResourceNameStr+4704
 8: 00007FF677605390 v8::CpuProfileNode::GetScriptResourceNameStr+4704
27: 00007FF676B373E5 RSA_meth_get_flags+191141
12: 00007FF67764AB22 
22: 00007FF6777F8B31 v8::Isolate::Initialize+433
34: 00007FF676B3D03A 
34: 00007FF6772D5DD1 v8::internal::Version::GetString+94017
14: 00007FF677629C01 v8::CpuProfileNode::GetScriptResourceNameStr+154321
12: 00007FF6773CF1A4 
 9: 00007FF677605095 
 9: 00007FF677605095 v8::CpuProfileNode::GetScriptResourceNameStr+3941
 9: 00007FF677605095 v8::CpuProfileNode::GetScriptResourceNameStr+3941
13: 00007FF6776AED8D 
28: 00007FF676D79893 uv_poll_stop+291
23: 00007FF676D58D8D node::NewContext+397
14: 00007FF6772DDD75 
35: 00007FF676B41C4A 
35: 00007FF6776AF1E5 v8::base::CPU::has_sse41+75349
15: 00007FF67764F5C1 v8::Isolate::GetHeapProfiler+7601
24: 00007FF676B3D03A RSA_meth_get_flags+214778
10: 00007FF6775F4A7B 
10: 00007FF6775EAB73 v8::PrimitiveArray::Length+85907
10: 00007FF6775EAB73 v8::PrimitiveArray::Length+85907
29: 00007FF6785012DE inflateValidate+159742
36: 00007FF676B373E5 
13: 00007FF6773CE7AD 
36: 00007FF6772DDD75 v8::base::AddressSpaceReservation::AddressSpaceReservation+11461
16: 00007FF67764FF28 v8::Isolate::GetHeapProfiler+10008
11: 00007FF6775F404A 
14: 00007FF6773CE311 
11: 00007FF67762B0D6 v8::CpuProfileNode::GetScriptResourceNameStr+159654
11: 00007FF67762B0D6 v8::CpuProfileNode::GetScriptResourceNameStr+159654
30: 00007FF85572E957 BaseThreadInitThunk+23
15: 00007FF6777F8B31 
25: 00007FF676B41C4A RSA_meth_get_flags+234250
37: 00007FF676D79893 
37: 00007FF6777F8B31 v8::Isolate::Initialize+433
17: 00007FF6772F8B9F v8::base::AddressSpaceReservation::AddressSpaceReservation+121583
15: 00007FF6773CFD39 
12: 00007FF67764AB22 
 1: 00007FF676D1A2ED node::SetCppgcReference+17725
13: 00007FF6776AED8D 
12: 00007FF67762AD60 v8::CpuProfileNode::GetScriptResourceNameStr+158768
31: 00007FF85798427C RtlUserThreadStart+44
16: 00007FF676D58D8D 
26: 00007FF676B373E5 RSA_meth_get_flags+191141
38: 00007FF6785012DE 
38: 00007FF676D58D8D node::NewContext+397
18: 00007FF6772FA486 v8::base::AddressSpaceReservation::AddressSpaceReservation+127958
16: 00007FF6773CD339 
12: 00007FF67762AD60 v8::CpuProfileNode::GetScriptResourceNameStr+158768
13: 00007FF67762A4A8 v8::CpuProfileNode::GetScriptResourceNameStr+156536
 2: 00007FF676BFBDEF node::TriggerNodeReport+73871
27: 00007FF676D79893 uv_poll_stop+291
39: 00007FF85572E957 BaseThreadInitThunk+23
19: 00007FF6772F5DA7 v8::base::AddressSpaceReservation::AddressSpaceReservation+109815
17: 00007FF676B3D03A 
39: 00007FF676B3D03A RSA_meth_get_flags+214778
13: 00007FF67762A4A8 v8::CpuProfileNode::GetScriptResourceNameStr+156536
17: 00007FF6773C15A7 
14: 00007FF677629C01 v8::CpuProfileNode::GetScriptResourceNameStr+154321
14: 00007FF6772DDD75 
 3: 00007FF677DF5336 v8::base::FatalOOM+54
14: 00007FF677629C01 v8::CpuProfileNode::GetScriptResourceNameStr+154321
18: 00007FF676B41C4A 
28: 00007FF6785012DE inflateValidate+159742
40: 00007FF85798427C RtlUserThreadStart+44
40: 00007FF676B41C4A RSA_meth_get_flags+234250
18: 00007FF6773CF1A4 
20: 00007FF6772FAB4F v8::base::AddressSpaceReservation::AddressSpaceReservation+129695
15: 00007FF6777F8B31 
15: 00007FF6772F8B27 v8::base::AddressSpaceReservation::AddressSpaceReservation+121463
 4: 00007FF677802F33 v8::Isolate::ReportExternalAllocationLimitReached+147
16: 00007FF6772FA486 v8::base::AddressSpaceReservation::AddressSpaceReservation+127958
19: 00007FF676B373E5 
29: 00007FF85572E957 BaseThreadInitThunk+23
41: 00007FF676B373E5 RSA_meth_get_flags+191141
21: 00007FF6772D5764 v8::internal::Version::GetString+92372
19: 00007FF6773CE7AD 
16: 00007FF676D58D8D 
15: 00007FF6772F8B27 v8::base::AddressSpaceReservation::AddressSpaceReservation+121463
16: 00007FF6772FA486 v8::base::AddressSpaceReservation::AddressSpaceReservation+127958
17: 00007FF676B3D03A 
30: 00007FF85798427C RtlUserThreadStart+44
42: 00007FF676D79893 uv_poll_stop+291
22: 00007FF677642D99 v8::internal::StrongRootAllocatorBase::StrongRootAllocatorBase+55993
20: 00007FF6773CE311 
20: 00007FF676D79893 
 5: 00007FF6777EFB66 v8::Function::Experimental_IsNopFunction+2870
17: 00007FF6772F4EA5 v8::base::AddressSpaceReservation::AddressSpaceReservation+105973
 6: 00007FF67763CDC0 v8::internal::StrongRootAllocatorBase::StrongRootAllocatorBase+31456
17: 00007FF6772F5DA7 v8::base::AddressSpaceReservation::AddressSpaceReservation+109815
21: 00007FF6785012DE 
43: 00007FF6785012DE inflateValidate+159742
23: 00007FF6772D5DD1 v8::internal::Version::GetString+94017
21: 00007FF6773CFD39 
18: 00007FF676B41C4A 
18: 00007FF6772F9D3C v8::base::AddressSpaceReservation::AddressSpaceReservation+126092
 7: 00007FF677604D7A v8::CpuProfileNode::GetScriptResourceNameStr+3146
22: 00007FF6773CD339 
22: 00007FF85572E957 BaseThreadInitThunk+23
44: 00007FF85572E957 BaseThreadInitThunk+23
24: 00007FF6776AF1E5 v8::base::CPU::has_sse41+75349
18: 00007FF6772FAB4F v8::base::AddressSpaceReservation::AddressSpaceReservation+129695
19: 00007FF676B373E5 
19: 00007FF6772D5764 v8::internal::Version::GetString+92372
 8: 00007FF677605390 v8::CpuProfileNode::GetScriptResourceNameStr+4704
19: 00007FF6772FA5A2 v8::base::AddressSpaceReservation::AddressSpaceReservation+128242
23: 00007FF85798427C RtlUserThreadStart+44
45: 00007FF85798427C RtlUserThreadStart+44
25: 00007FF6772DDD75 v8::base::AddressSpaceReservation::AddressSpaceReservation+11461
23: 00007FF6773C15A7 
20: 00007FF676D79893 
20: 00007FF6772F4EA5 v8::base::AddressSpaceReservation::AddressSpaceReservation+105973
 9: 00007FF677605095 v8::CpuProfileNode::GetScriptResourceNameStr+3941
24: 00007FF6773D50AC 
26: 00007FF6777F8B31 v8::Isolate::Initialize+433
20: 00007FF6772EDD4A v8::base::AddressSpaceReservation::AddressSpaceReservation+76954
21: 00007FF6785012DE 
21: 00007FF6772F9D3C v8::base::AddressSpaceReservation::AddressSpaceReservation+126092
10: 00007FF6775F4A7B v8::PrimitiveArray::Length+126619
21: 00007FF6772D5DDD v8::internal::Version::GetString+94029
27: 00007FF676D58D8D node::NewContext+397
25: 00007FF6773D5554 
22: 00007FF6772FA5A2 v8::base::AddressSpaceReservation::AddressSpaceReservation+128242
22: 00007FF6776AF1E5 v8::base::CPU::has_sse41+75349
28: 00007FF676B3D03A RSA_meth_get_flags+214778
22: 00007FF85572E957 BaseThreadInitThunk+23
11: 00007FF6775F404A v8::PrimitiveArray::Length+124010
26: 00007FF6773CA768 
23: 00007FF85798427C RtlUserThreadStart+44
23: 00007FF6772F4EA5 v8::base::AddressSpaceReservation::AddressSpaceReservation+105973
12: 00007FF67764AB22 v8::internal::StrongRootAllocatorBase::StrongRootAllocatorBase+88130
29: 00007FF676B41C4A RSA_meth_get_flags+234250
27: 00007FF6773C9A15 
24: 00007FF6772F9D3C v8::base::AddressSpaceReservation::AddressSpaceReservation+126092
13: 00007FF6776AED8D v8::base::CPU::has_sse41+74237
23: 00007FF6772DDD75 v8::base::AddressSpaceReservation::AddressSpaceReservation+11461
24: 00007FF6777F8B31 v8::Isolate::Initialize+433
28: 00007FF6773CB178 
14: 00007FF6772DDD75 v8::base::AddressSpaceReservation::AddressSpaceReservation+11461
30: 00007FF676B373E5 RSA_meth_get_flags+191141
25: 00007FF676D58D8D node::NewContext+397
25: 00007FF6772FA5A2 v8::base::AddressSpaceReservation::AddressSpaceReservation+128242
31: 00007FF676D79893 uv_poll_stop+291
29: 00007FF6773BC053 
26: 00007FF6772F5DA7 v8::base::AddressSpaceReservation::AddressSpaceReservation+109815
15: 00007FF6777F8B31 v8::Isolate::Initialize+433
26: 00007FF676B3D03A RSA_meth_get_flags+214778
 1: 00007FF676D1A2ED node::SetCppgcReference+17725
32: 00007FF6785012DE inflateValidate+159742
30: 00007FF6773D03A7 
27: 00007FF6772FAB4F v8::base::AddressSpaceReservation::AddressSpaceReservation+129695
31: 00007FF6773B55AC 
28: 00007FF677642CAC v8::internal::StrongRootAllocatorBase::StrongRootAllocatorBase+55756
 2: 00007FF676BFBDEF node::TriggerNodeReport+73871
33: 00007FF85572E957 BaseThreadInitThunk+23
16: 00007FF676D58D8D node::NewContext+397
27: 00007FF676B41C4A RSA_meth_get_flags+234250
17: 00007FF676B3D03A RSA_meth_get_flags+214778
28: 00007FF676B373E5 RSA_meth_get_flags+191141
29: 00007FF6772D5DD1 v8::internal::Version::GetString+94017
18: 00007FF676B41C4A RSA_meth_get_flags+234250
32: 00007FF6777688F0 
 3: 00007FF677DF5336 v8::base::FatalOOM+54
34: 00007FF85798427C RtlUserThreadStart+44
 4: 00007FF677802F33 v8::Isolate::ReportExternalAllocationLimitReached+147
29: 00007FF676D79893 uv_poll_stop+291
33: 00007FF67776E048 
30: 00007FF6776AF1E5 v8::base::CPU::has_sse41+75349
19: 00007FF676B373E5 RSA_meth_get_flags+191141
30: 00007FF6785012DE inflateValidate+159742
 5: 00007FF6777EFB66 v8::Function::Experimental_IsNopFunction+2870
34: 00007FF6777EA879 
31: 00007FF6772DDD75 v8::base::AddressSpaceReservation::AddressSpaceReservation+11461
20: 00007FF676D79893 uv_poll_stop+291
31: 00007FF85572E957 BaseThreadInitThunk+23
 6: 00007FF67763CDC0 v8::internal::StrongRootAllocatorBase::StrongRootAllocatorBase+31456
35: 00007FF6777EA5B4 
32: 00007FF6777F8B31 v8::Isolate::Initialize+433
21: 00007FF6785012DE inflateValidate+159742
32: 00007FF85798427C RtlUserThreadStart+44
 7: 00007FF677604D7A v8::CpuProfileNode::GetScriptResourceNameStr+3146
36: 00007FF676C8F574 
33: 00007FF676D58D8D node::NewContext+397
22: 00007FF85572E957 BaseThreadInitThunk+23
 8: 00007FF677605390 v8::CpuProfileNode::GetScriptResourceNameStr+4704
37: 00007FF676C8FB22 
34: 00007FF676B3D03A RSA_meth_get_flags+214778
23: 00007FF85798427C RtlUserThreadStart+44
 9: 00007FF677605095 v8::CpuProfileNode::GetScriptResourceNameStr+3941
38: 00007FF677820828 
39: 00007FF67781EAE2 
10: 00007FF6775EAB73 v8::PrimitiveArray::Length+85907
35: 00007FF676B41C4A RSA_meth_get_flags+234250
36: 00007FF676B373E5 RSA_meth_get_flags+191141
40: 00007FF67781EAE2 
11: 00007FF67762B0D6 v8::CpuProfileNode::GetScriptResourceNameStr+159654
37: 00007FF676D79893 uv_poll_stop+291
12: 00007FF67762AD60 v8::CpuProfileNode::GetScriptResourceNameStr+158768
41: 00007FF67781EAE2 
38: 00007FF6785012DE inflateValidate+159742
13: 00007FF67762A4A8 v8::CpuProfileNode::GetScriptResourceNameStr+156536
39: 00007FF85572E957 BaseThreadInitThunk+23
42: 00007FF67781EAE2 
14: 00007FF677629C01 v8::CpuProfileNode::GetScriptResourceNameStr+154321
43: 00007FF5F7A5AC7F 
40: 00007FF85798427C RtlUserThreadStart+44
15: 00007FF6772F8B27 v8::base::AddressSpaceReservation::AddressSpaceReservation+121463
16: 00007FF6772FA486 v8::base::AddressSpaceReservation::AddressSpaceReservation+127958
17: 00007FF6772F4EA5 v8::base::AddressSpaceReservation::AddressSpaceReservation+105973
18: 00007FF6772F9D3C v8::base::AddressSpaceReservation::AddressSpaceReservation+126092
19: 00007FF6772FA5A2 v8::base::AddressSpaceReservation::AddressSpaceReservation+128242
20: 00007FF6772F4EA5 v8::base::AddressSpaceReservation::AddressSpaceReservation+105973
21: 00007FF6772F9D3C v8::base::AddressSpaceReservation::AddressSpaceReservation+126092
22: 00007FF6772FA5A2 v8::base::AddressSpaceReservation::AddressSpaceReservation+128242
23: 00007FF6772F4EA5 v8::base::AddressSpaceReservation::AddressSpaceReservation+105973
24: 00007FF6772F9D3C v8::base::AddressSpaceReservation::AddressSpaceReservation+126092
25: 00007FF6772FA5A2 v8::base::AddressSpaceReservation::AddressSpaceReservation+128242
26: 00007FF6772F5DA7 v8::base::AddressSpaceReservation::AddressSpaceReservation+109815
27: 00007FF6772FAB4F v8::base::AddressSpaceReservation::AddressSpaceReservation+129695
28: 00007FF677642CAC v8::internal::StrongRootAllocatorBase::StrongRootAllocatorBase+55756
29: 00007FF6772D5DD1 v8::internal::Version::GetString+94017
30: 00007FF6776AF1E5 v8::base::CPU::has_sse41+75349
31: 00007FF6772DDD75 v8::base::AddressSpaceReservation::AddressSpaceReservation+11461
32: 00007FF6777F8B31 v8::Isolate::Initialize+433
33: 00007FF676D58D8D node::NewContext+397
34: 00007FF676B3D03A RSA_meth_get_flags+214778
35: 00007FF676B41C4A RSA_meth_get_flags+234250
36: 00007FF676B373E5 RSA_meth_get_flags+191141
37: 00007FF676D79893 uv_poll_stop+291
38: 00007FF6785012DE inflateValidate+159742
39: 00007FF85572E957 BaseThreadInitThunk+23
40: 00007FF85798427C RtlUserThreadStart+44
 1: 00007FF676D1A2ED node::SetCppgcReference+17725
 2: 00007FF676BFBDEF node::TriggerNodeReport+73871
 3: 00007FF677DF5336 v8::base::FatalOOM+54
 4: 00007FF677802F33 v8::Isolate::ReportExternalAllocationLimitReached+147
 5: 00007FF6777EFB66 v8::Function::Experimental_IsNopFunction+2870
 6: 00007FF67763CDC0 v8::internal::StrongRootAllocatorBase::StrongRootAllocatorBase+31456
 7: 00007FF677604D7A v8::CpuProfileNode::GetScriptResourceNameStr+3146
 8: 00007FF677605390 v8::CpuProfileNode::GetScriptResourceNameStr+4704
 9: 00007FF677605095 v8::CpuProfileNode::GetScriptResourceNameStr+3941
10: 00007FF6775F4A7B v8::PrimitiveArray::Length+126619
11: 00007FF6775F404A v8::PrimitiveArray::Length+124010
12: 00007FF67764AB22 v8::internal::StrongRootAllocatorBase::StrongRootAllocatorBase+88130
13: 00007FF6776AED8D v8::base::CPU::has_sse41+74237
14: 00007FF6772DDD75 v8::base::AddressSpaceReservation::AddressSpaceReservation+11461
15: 00007FF6777F8B31 v8::Isolate::Initialize+433
16: 00007FF676D58D8D node::NewContext+397
17: 00007FF676B3D03A RSA_meth_get_flags+214778
18: 00007FF676B41C4A RSA_meth_get_flags+234250
19: 00007FF676B373E5 RSA_meth_get_flags+191141
20: 00007FF676D79893 uv_poll_stop+291
21: 00007FF6785012DE inflateValidate+159742
22: 00007FF85572E957 BaseThreadInitThunk+23
23: 00007FF85798427C RtlUserThreadStart+44
 1: 00007FF676D1A2ED node::SetCppgcReference+17725
 2: 00007FF676BFBDEF node::TriggerNodeReport+73871
 3: 00007FF677DF5336 v8::base::FatalOOM+54
 4: 00007FF677802F33 v8::Isolate::ReportExternalAllocationLimitReached+147
 5: 00007FF6777EFB66 v8::Function::Experimental_IsNopFunction+2870
 6: 00007FF67763CDC0 v8::internal::StrongRootAllocatorBase::StrongRootAllocatorBase+31456
 7: 00007FF677604D7A v8::CpuProfileNode::GetScriptResourceNameStr+3146
 8: 00007FF677605390 v8::CpuProfileNode::GetScriptResourceNameStr+4704
 9: 00007FF677605095 v8::CpuProfileNode::GetScriptResourceNameStr+3941
10: 00007FF6775EAB73 v8::PrimitiveArray::Length+85907
11: 00007FF67762B0D6 v8::CpuProfileNode::GetScriptResourceNameStr+159654
12: 00007FF67762AD60 v8::CpuProfileNode::GetScriptResourceNameStr+158768
13: 00007FF67762A4A8 v8::CpuProfileNode::GetScriptResourceNameStr+156536
14: 00007FF677629C01 v8::CpuProfileNode::GetScriptResourceNameStr+154321
15: 00007FF6772F8B27 v8::base::AddressSpaceReservation::AddressSpaceReservation+121463
16: 00007FF6772FA486 v8::base::AddressSpaceReservation::AddressSpaceReservation+127958
17: 00007FF6772F4EA5 v8::base::AddressSpaceReservation::AddressSpaceReservation+105973
18: 00007FF6772F9D3C v8::base::AddressSpaceReservation::AddressSpaceReservation+126092
19: 00007FF6772FA5A2 v8::base::AddressSpaceReservation::AddressSpaceReservation+128242
20: 00007FF6772F4EA5 v8::base::AddressSpaceReservation::AddressSpaceReservation+105973
21: 00007FF6772F9D3C v8::base::AddressSpaceReservation::AddressSpaceReservation+126092
22: 00007FF6772FA5A2 v8::base::AddressSpaceReservation::AddressSpaceReservation+128242
23: 00007FF6772F4EA5 v8::base::AddressSpaceReservation::AddressSpaceReservation+105973
24: 00007FF6772F9D3C v8::base::AddressSpaceReservation::AddressSpaceReservation+126092
25: 00007FF6772FA5A2 v8::base::AddressSpaceReservation::AddressSpaceReservation+128242
26: 00007FF6772F4EA5 v8::base::AddressSpaceReservation::AddressSpaceReservation+105973
27: 00007FF6772F9D3C v8::base::AddressSpaceReservation::AddressSpaceReservation+126092
28: 00007FF6772FA5A2 v8::base::AddressSpaceReservation::AddressSpaceReservation+128242
29: 00007FF6772F4EA5 v8::base::AddressSpaceReservation::AddressSpaceReservation+105973
30: 00007FF6772F9D3C v8::base::AddressSpaceReservation::AddressSpaceReservation+126092
31: 00007FF6772FA5A2 v8::base::AddressSpaceReservation::AddressSpaceReservation+128242
32: 00007FF6772F4EA5 v8::base::AddressSpaceReservation::AddressSpaceReservation+105973
33: 00007FF6772F9D3C v8::base::AddressSpaceReservation::AddressSpaceReservation+126092
34: 00007FF6772FA5A2 v8::base::AddressSpaceReservation::AddressSpaceReservation+128242
35: 00007FF6772F5DA7 v8::base::AddressSpaceReservation::AddressSpaceReservation+109815
36: 00007FF6772FAB4F v8::base::AddressSpaceReservation::AddressSpaceReservation+129695
37: 00007FF677642CAC v8::internal::StrongRootAllocatorBase::StrongRootAllocatorBase+55756
38: 00007FF6772D5DD1 v8::internal::Version::GetString+94017
39: 00007FF6776AF1E5 v8::base::CPU::has_sse41+75349
40: 00007FF6772DDD75 v8::base::AddressSpaceReservation::AddressSpaceReservation+11461
41: 00007FF6777F8B31 v8::Isolate::Initialize+433
42: 00007FF676D58D8D node::NewContext+397
43: 00007FF676B3D03A RSA_meth_get_flags+214778
44: 00007FF676B41C4A RSA_meth_get_flags+234250
45: 00007FF676B373E5 RSA_meth_get_flags+191141
46: 00007FF676D79893 uv_poll_stop+291
47: 00007FF6785012DE inflateValidate+159742
48: 00007FF85572E957 BaseThreadInitThunk+23
49: 00007FF85798427C RtlUserThreadStart+44
 1: 00007FF676D1A2ED node::SetCppgcReference+17725
 2: 00007FF676BFBDEF node::TriggerNodeReport+73871
 3: 00007FF677DF5336 v8::base::FatalOOM+54
 4: 00007FF677802F33 v8::Isolate::ReportExternalAllocationLimitReached+147
 5: 00007FF6777EFB66 v8::Function::Experimental_IsNopFunction+2870
 6: 00007FF67763CDC0 v8::internal::StrongRootAllocatorBase::StrongRootAllocatorBase+31456
 7: 00007FF677604D7A v8::CpuProfileNode::GetScriptResourceNameStr+3146
 8: 00007FF677605390 v8::CpuProfileNode::GetScriptResourceNameStr+4704
 9: 00007FF677605095 v8::CpuProfileNode::GetScriptResourceNameStr+3941
10: 00007FF6775EAB73 v8::PrimitiveArray::Length+85907
11: 00007FF67762B0D6 v8::CpuProfileNode::GetScriptResourceNameStr+159654
12: 00007FF67762AD60 v8::CpuProfileNode::GetScriptResourceNameStr+158768
13: 00007FF67762A4A8 v8::CpuProfileNode::GetScriptResourceNameStr+156536
14: 00007FF677629C01 v8::CpuProfileNode::GetScriptResourceNameStr+154321
15: 00007FF6772F8B27 v8::base::AddressSpaceReservation::AddressSpaceReservation+121463
16: 00007FF6772FA486 v8::base::AddressSpaceReservation::AddressSpaceReservation+127958
17: 00007FF6772F5DA7 v8::base::AddressSpaceReservation::AddressSpaceReservation+109815
18: 00007FF6772FAB4F v8::base::AddressSpaceReservation::AddressSpaceReservation+129695
19: 00007FF6772D5764 v8::internal::Version::GetString+92372
20: 00007FF6772EDD4A v8::base::AddressSpaceReservation::AddressSpaceReservation+76954
21: 00007FF6772DF6DB v8::base::AddressSpaceReservation::AddressSpaceReservation+17963
22: 00007FF6776AF189 v8::base::CPU::has_sse41+75257
23: 00007FF6772DDD75 v8::base::AddressSpaceReservation::AddressSpaceReservation+11461
24: 00007FF6777F8B31 v8::Isolate::Initialize+433
25: 00007FF676D58D8D node::NewContext+397
26: 00007FF676B3D03A RSA_meth_get_flags+214778
27: 00007FF676B41C4A RSA_meth_get_flags+234250
28: 00007FF676B373E5 RSA_meth_get_flags+191141
29: 00007FF676D79893 uv_poll_stop+291
30: 00007FF6785012DE inflateValidate+159742
31: 00007FF85572E957 BaseThreadInitThunk+23
32: 00007FF85798427C RtlUserThreadStart+44
 1: 00007FF676D1A2ED 
 2: 00007FF676C81EA8 
 3: 00007FF677802EE1 
 4: 00007FF6777EFB66 
 5: 00007FF67763CDC0 
 6: 00007FF6775F58D3 
 7: 00007FF677645F0F 
 8: 00007FF677636752 
 9: 00007FF677632155 
10: 00007FF676FB54CD 
 1: 00007FF676D1A2ED node::SetCppgcReference+17725
 2: 00007FF676BFBDEF node::TriggerNodeReport+73871
 3: 00007FF677DF5336 v8::base::FatalOOM+54
 4: 00007FF677802F33 v8::Isolate::ReportExternalAllocationLimitReached+147
 5: 00007FF6777EFB66 v8::Function::Experimental_IsNopFunction+2870
 6: 00007FF67763CDC0 v8::internal::StrongRootAllocatorBase::StrongRootAllocatorBase+31456
 7: 00007FF677604D7A v8::CpuProfileNode::GetScriptResourceNameStr+3146
 8: 00007FF677605390 v8::CpuProfileNode::GetScriptResourceNameStr+4704
 9: 00007FF677605095 v8::CpuProfileNode::GetScriptResourceNameStr+3941
10: 00007FF6775F4A7B v8::PrimitiveArray::Length+126619
11: 00007FF6775F404A v8::PrimitiveArray::Length+124010
12: 00007FF67764AB22 v8::internal::StrongRootAllocatorBase::StrongRootAllocatorBase+88130
13: 00007FF6776AED8D v8::base::CPU::has_sse41+74237
14: 00007FF6772DDD75 v8::base::AddressSpaceReservation::AddressSpaceReservation+11461
15: 00007FF6777F8B31 v8::Isolate::Initialize+433
16: 00007FF676D58D8D node::NewContext+397
17: 00007FF676B3D03A RSA_meth_get_flags+214778
18: 00007FF676B41C4A RSA_meth_get_flags+234250
19: 00007FF676B373E5 RSA_meth_get_flags+191141
20: 00007FF676D79893 uv_poll_stop+291
21: 00007FF6785012DE inflateValidate+159742
22: 00007FF85572E957 BaseThreadInitThunk+23
23: 00007FF85798427C RtlUserThreadStart+44
 1: 00007FF676D1A2ED node::SetCppgcReference+17725
 1: 00007FF676D1A2ED 
 1: 00007FF676D1A2ED 


 2: 00007FF676BFBDEF node::TriggerNodeReport+73871
 2: 00007FF676BFBDEF 
 2: 00007FF676BFBDEF 
#
 3: 00007FF677DF5336 v8::base::FatalOOM+54
 3: 00007FF677DF5336 
 3: 00007FF677DF5755 
# Fatal JavaScript out of memory: MemoryChunk allocation failed during deserialization.
 4: 00007FF677802F33 v8::Isolate::ReportExternalAllocationLimitReached+147
 4: 00007FF677802F33 
 4: 00007FF6772C2866 
#
 5: 00007FF6777EFB66 v8::Function::Experimental_IsNopFunction+2870
 5: 00007FF6777EFB66 
 5: 00007FF6772C26FC 
----- Native stack trace -----
 6: 00007FF67763CDC0 v8::internal::StrongRootAllocatorBase::StrongRootAllocatorBase+31456
 6: 00007FF67763CDC0 
 6: 00007FF677762C24 

 7: 00007FF677604D7A v8::CpuProfileNode::GetScriptResourceNameStr+3146
 7: 00007FF677604D7A 
 7: 00007FF6772DFECF 
 1: 00007FF676D1A2ED node::SetCppgcReference+17725
 8: 00007FF677605390 v8::CpuProfileNode::GetScriptResourceNameStr+4704
 8: 00007FF677605390 
 8: 00007FF6772FEFBE 
 2: 00007FF676BFBDEF node::TriggerNodeReport+73871
 9: 00007FF677605095 v8::CpuProfileNode::GetScriptResourceNameStr+3941
 9: 00007FF677605095 
 9: 00007FF676CA6C1A 
 3: 00007FF677DF5336 v8::base::FatalOOM+54
10: 00007FF6775EAB73 v8::PrimitiveArray::Length+85907
10: 00007FF6775F4A7B 
10: 00007FF676CA67F7 
 4: 00007FF677802F33 v8::Isolate::ReportExternalAllocationLimitReached+147
11: 00007FF67762B0D6 v8::CpuProfileNode::GetScriptResourceNameStr+159654
11: 00007FF6775F404A 
11: 00007FF676CA5DBF 
 5: 00007FF6777EFB66 v8::Function::Experimental_IsNopFunction+2870
12: 00007FF67762AD60 v8::CpuProfileNode::GetScriptResourceNameStr+158768
12: 00007FF67764AB22 
12: 00007FF676CA3C07 
 6: 00007FF67763CDC0 v8::internal::StrongRootAllocatorBase::StrongRootAllocatorBase+31456
13: 00007FF67762A4A8 v8::CpuProfileNode::GetScriptResourceNameStr+156536
13: 00007FF6776AED8D 
13: 00007FF676CA3DC4 
 7: 00007FF677604D7A v8::CpuProfileNode::GetScriptResourceNameStr+3146
14: 00007FF677629C01 v8::CpuProfileNode::GetScriptResourceNameStr+154321
14: 00007FF6772DDD75 
14: 00007FF676BF18B6 
 8: 00007FF677605390 v8::CpuProfileNode::GetScriptResourceNameStr+4704
15: 00007FF6772F8B27 v8::base::AddressSpaceReservation::AddressSpaceReservation+121463
15: 00007FF6777F8B31 
15: 00007FF676D577FF 
 9: 00007FF677605095 v8::CpuProfileNode::GetScriptResourceNameStr+3941
16: 00007FF6772FA486 v8::base::AddressSpaceReservation::AddressSpaceReservation+127958
16: 00007FF676D58D8D 
16: 00007FF676B4275D 
10: 00007FF6775F4A7B v8::PrimitiveArray::Length+126619
17: 00007FF6772F5DA7 v8::base::AddressSpaceReservation::AddressSpaceReservation+109815
17: 00007FF676B3D03A 
17: 00007FF676B373E5 
11: 00007FF6775F404A v8::PrimitiveArray::Length+124010
18: 00007FF6772FAB4F v8::base::AddressSpaceReservation::AddressSpaceReservation+129695
18: 00007FF676B41C4A 
18: 00007FF676D79893 
12: 00007FF67764AB22 v8::internal::StrongRootAllocatorBase::StrongRootAllocatorBase+88130
19: 00007FF6772D5764 v8::internal::Version::GetString+92372
19: 00007FF676B373E5 
19: 00007FF6785012DE 
13: 00007FF6776AED8D v8::base::CPU::has_sse41+74237
20: 00007FF6772EDD4A v8::base::AddressSpaceReservation::AddressSpaceReservation+76954
20: 00007FF676D79893 
20: 00007FF85572E957 BaseThreadInitThunk+23
14: 00007FF6772DDD75 v8::base::AddressSpaceReservation::AddressSpaceReservation+11461
21: 00007FF6772DF6DB v8::base::AddressSpaceReservation::AddressSpaceReservation+17963
21: 00007FF6785012DE 
21: 00007FF85798427C RtlUserThreadStart+44
15: 00007FF6777F8B31 v8::Isolate::Initialize+433
22: 00007FF6776AF189 v8::base::CPU::has_sse41+75257
22: 00007FF85572E957 BaseThreadInitThunk+23
16: 00007FF676D58D8D node::NewContext+397
23: 00007FF6772DDD75 v8::base::AddressSpaceReservation::AddressSpaceReservation+11461
23: 00007FF85798427C RtlUserThreadStart+44
17: 00007FF676B3D03A RSA_meth_get_flags+214778
24: 00007FF6777F8B31 v8::Isolate::Initialize+433
18: 00007FF676B41C4A RSA_meth_get_flags+234250
25: 00007FF676D58D8D node::NewContext+397
19: 00007FF676B373E5 RSA_meth_get_flags+191141
26: 00007FF676B3D03A RSA_meth_get_flags+214778
20: 00007FF676D79893 uv_poll_stop+291
27: 00007FF676B41C4A RSA_meth_get_flags+234250
21: 00007FF6785012DE inflateValidate+159742
28: 00007FF676B373E5 RSA_meth_get_flags+191141
22: 00007FF85572E957 BaseThreadInitThunk+23
29: 00007FF676D79893 uv_poll_stop+291
23: 00007FF85798427C RtlUserThreadStart+44
30: 00007FF6785012DE inflateValidate+159742
31: 00007FF85572E957 BaseThreadInitThunk+23
32: 00007FF85798427C 

<--- Last few GCs --->
 1: 00007FF676D1A2ED node::SetCppgcReference+17725

 2: 00007FF676BFBDEF node::TriggerNodeReport+73871

 3: 00007FF677DF5336 v8::base::FatalOOM+54
<--- JS stacktrace --->
 4: 00007FF677802F33 v8::Isolate::ReportExternalAllocationLimitReached+147
 1: 00007FF676D1A2ED 
 1: 00007FF676D1A2ED 


 5: 00007FF6777EFB66 v8::Function::Experimental_IsNopFunction+2870
<--- Last few GCs --->
 2: 00007FF676BFBDEF 
 2: 00007FF676BFBDEF 


 6: 00007FF67763CDC0 v8::internal::StrongRootAllocatorBase::StrongRootAllocatorBase+31456
 3: 00007FF677DF5336 
 3: 00007FF677DF5336 

 7: 00007FF677604D7A v8::CpuProfileNode::GetScriptResourceNameStr+3146

 4: 00007FF677802F33 
#
 4: 00007FF677802F33 
 8: 00007FF677605390 v8::CpuProfileNode::GetScriptResourceNameStr+4704
<--- JS stacktrace --->
# Fatal JavaScript out of memory: MemoryChunk allocation failed during deserialization.
 5: 00007FF6777EFB66 
 9: 00007FF677605095 v8::CpuProfileNode::GetScriptResourceNameStr+3941

 5: 00007FF6777EFB66 
 6: 00007FF67763CDC0 
 6: 00007FF67763CDC0 
#
10: 00007FF6775EAB73 v8::PrimitiveArray::Length+85907

 7: 00007FF677604D7A 
 7: 00007FF677604D7A 
 8: 00007FF677605390 
11: 00007FF67762B0D6 v8::CpuProfileNode::GetScriptResourceNameStr+159654

----- Native stack trace -----
 8: 00007FF677605390 

 9: 00007FF677605095 
#
 9: 00007FF677605095 
12: 00007FF67762AD60 v8::CpuProfileNode::GetScriptResourceNameStr+158768
 1: 00007FF676D1A2ED node::SetCppgcReference+17725
13: 00007FF67762A4A8 v8::CpuProfileNode::GetScriptResourceNameStr+156536
# Fatal JavaScript out of memory: MemoryChunk allocation failed during deserialization.
10: 00007FF6775F4A7B 
10: 00007FF6775EAB73 
 2: 00007FF676BFBDEF node::TriggerNodeReport+73871
14: 00007FF677629C01 v8::CpuProfileNode::GetScriptResourceNameStr+154321
#
11: 00007FF6775F404A 
11: 00007FF67762B0D6 
 3: 00007FF677DF5336 v8::base::FatalOOM+54
15: 00007FF6772F8B27 v8::base::AddressSpaceReservation::AddressSpaceReservation+121463
----- Native stack trace -----
12: 00007FF67764AB22 
12: 00007FF67762AD60 
 4: 00007FF677802F33 v8::Isolate::ReportExternalAllocationLimitReached+147
16: 00007FF6772FA486 v8::base::AddressSpaceReservation::AddressSpaceReservation+127958

13: 00007FF6776AED8D 
13: 00007FF67762A4A8 
 5: 00007FF6777EFB66 v8::Function::Experimental_IsNopFunction+2870
17: 00007FF6772F5DA7 v8::base::AddressSpaceReservation::AddressSpaceReservation+109815
14: 00007FF6772DDD75 
14: 00007FF677629C01 
 6: 00007FF67763CDC0 v8::internal::StrongRootAllocatorBase::StrongRootAllocatorBase+31456
18: 00007FF6772FAB4F v8::base::AddressSpaceReservation::AddressSpaceReservation+129695
15: 00007FF6777F8B31 
15: 00007FF67764F5C1 
 7: 00007FF677604D7A v8::CpuProfileNode::GetScriptResourceNameStr+3146
19: 00007FF677642CAC v8::internal::StrongRootAllocatorBase::StrongRootAllocatorBase+55756
16: 00007FF676D58D8D 
16: 00007FF67764FF28 
 8: 00007FF677605390 v8::CpuProfileNode::GetScriptResourceNameStr+4704
20: 00007FF6772D5DD1 v8::internal::Version::GetString+94017
17: 00007FF676B3D03A 
17: 00007FF6772F8B9F 
 9: 00007FF677604E12 v8::CpuProfileNode::GetScriptResourceNameStr+3298
21: 00007FF6776AF1E5 v8::base::CPU::has_sse41+75349
18: 00007FF676B41C4A 
18: 00007FF6772FA486 
10: 00007FF67762D0AB v8::CpuProfileNode::GetScriptResourceNameStr+167803
22: 00007FF6772DDD75 v8::base::AddressSpaceReservation::AddressSpaceReservation+11461
19: 00007FF676B373E5 
19: 00007FF6772F4EA5 
11: 00007FF67762D315 v8::CpuProfileNode::GetScriptResourceNameStr+168421
23: 00007FF6777F8B31 v8::Isolate::Initialize+433
20: 00007FF676D79893 
20: 00007FF6772F9D3C 
12: 00007FF67762D466 v8::CpuProfileNode::GetScriptResourceNameStr+168758
24: 00007FF676D58D8D node::NewContext+397
21: 00007FF6785012DE 
21: 00007FF6772FA5A2 
13: 00007FF67764ED84 v8::Isolate::GetHeapProfiler+5492
25: 00007FF676B3D03A RSA_meth_get_flags+214778
22: 00007FF85572E957 BaseThreadInitThunk+23
22: 00007FF6772F4EA5 
14: 00007FF6772F8AEB v8::base::AddressSpaceReservation::AddressSpaceReservation+121403
26: 00007FF676B41C4A RSA_meth_get_flags+234250
23: 00007FF85798427C RtlUserThreadStart+44
23: 00007FF6772F9D3C 
15: 00007FF6772FA486 v8::base::AddressSpaceReservation::AddressSpaceReservation+127958
27: 00007FF676B373E5 RSA_meth_get_flags+191141
24: 00007FF6772FA5A2 
16: 00007FF6772F5DA7 v8::base::AddressSpaceReservation::AddressSpaceReservation+109815
28: 00007FF676D79893 uv_poll_stop+291
25: 00007FF6772F4EA5 
17: 00007FF6772FAB4F v8::base::AddressSpaceReservation::AddressSpaceReservation+129695
29: 00007FF6785012DE inflateValidate+159742
26: 00007FF6772F9D3C 
18: 00007FF677642CAC v8::internal::StrongRootAllocatorBase::StrongRootAllocatorBase+55756
30: 00007FF85572E957 BaseThreadInitThunk+23
27: 00007FF6772FA5A2 
19: 00007FF6772D5DD1 v8::internal::Version::GetString+94017
31: 00007FF85798427C RtlUserThreadStart+44
28: 00007FF6772F4EA5 
20: 00007FF6776AF1E5 v8::base::CPU::has_sse41+75349
29: 00007FF6772F9D3C 
21: 00007FF6772DDD75 v8::base::AddressSpaceReservation::AddressSpaceReservation+11461
30: 00007FF6772FA5A2 
22: 00007FF6777F8B31 v8::Isolate::Initialize+433
31: 00007FF6772F5DA7 
23: 00007FF676D58D8D node::NewContext+397
32: 00007FF6772FAB4F 
24: 00007FF676B3D03A RSA_meth_get_flags+214778
33: 00007FF677642CAC 
25: 00007FF676B41C4A RSA_meth_get_flags+234250
34: 00007FF6772D5DD1 
26: 00007FF676B373E5 RSA_meth_get_flags+191141
35: 00007FF6776AF1E5 
27: 00007FF676D79893 uv_poll_stop+291
36: 00007FF6772DDD75 
28: 00007FF6785012DE inflateValidate+159742
37: 00007FF6777F8B31 
29: 00007FF85572E957 BaseThreadInitThunk+23
38: 00007FF676D58D8D 
30: 00007FF85798427C RtlUserThreadStart+44
39: 00007FF676B3D03A 
40: 00007FF676B41C4A 
41: 00007FF676B373E5 
42: 00007FF676D79893 
43: 00007FF6785012DE 
44: 00007FF85572E957 BaseThreadInitThunk+23
45: 00007FF85798427C RtlUserThreadStart+44
 1: 00007FF676D1A2ED node::SetCppgcReference+17725
 2: 00007FF676BFBDEF node::TriggerNodeReport+73871
 3: 00007FF677DF5336 v8::base::FatalOOM+54
 4: 00007FF677802F33 v8::Isolate::ReportExternalAllocationLimitReached+147
 5: 00007FF6777EFB66 v8::Function::Experimental_IsNopFunction+2870
 6: 00007FF67763CDC0 v8::internal::StrongRootAllocatorBase::StrongRootAllocatorBase+31456
 7: 00007FF677604D7A v8::CpuProfileNode::GetScriptResourceNameStr+3146
 8: 00007FF677605390 v8::CpuProfileNode::GetScriptResourceNameStr+4704
 9: 00007FF677604E12 v8::CpuProfileNode::GetScriptResourceNameStr+3298
10: 00007FF67762D0AB v8::CpuProfileNode::GetScriptResourceNameStr+167803
11: 00007FF67762D315 v8::CpuProfileNode::GetScriptResourceNameStr+168421
12: 00007FF67762D466 v8::CpuProfileNode::GetScriptResourceNameStr+168758
13: 00007FF67764ED84 v8::Isolate::GetHeapProfiler+5492
14: 00007FF6772F8AEB v8::base::AddressSpaceReservation::AddressSpaceReservation+121403
15: 00007FF6772FA486 v8::base::AddressSpaceReservation::AddressSpaceReservation+127958
16: 00007FF6772F5DA7 v8::base::AddressSpaceReservation::AddressSpaceReservation+109815
17: 00007FF6772FAB4F v8::base::AddressSpaceReservation::AddressSpaceReservation+129695
18: 00007FF677642CAC v8::internal::StrongRootAllocatorBase::StrongRootAllocatorBase+55756
19: 00007FF6772D5DD1 v8::internal::Version::GetString+94017
20: 00007FF6776AF1E5 v8::base::CPU::has_sse41+75349
21: 00007FF6772DDD75 v8::base::AddressSpaceReservation::AddressSpaceReservation+11461
22: 00007FF6777F8B31 v8::Isolate::Initialize+433
23: 00007FF676D58D8D node::NewContext+397
24: 00007FF676B3D03A RSA_meth_get_flags+214778
25: 00007FF676B41C4A RSA_meth_get_flags+234250
26: 00007FF676B373E5 RSA_meth_get_flags+191141
27: 00007FF676D79893 uv_poll_stop+291
28: 00007FF6785012DE inflateValidate+159742
29: 00007FF85572E957 BaseThreadInitThunk+23
30: 00007FF85798427C RtlUserThreadStart+44


#
# Fatal JavaScript out of memory: MemoryChunk allocation failed during deserialization.
#
----- Native stack trace -----




#

# Fatal JavaScript out of memory: MemoryChunk allocation failed during deserialization.
#
#
# Fatal JavaScript out of memory: MemoryChunk allocation failed during deserialization.
----- Native stack trace -----
#

----- Native stack trace -----

 1: 00007FF676D1A2ED 
 2: 00007FF676BFBDEF 
 3: 00007FF677DF5336 
 4: 00007FF677802F33 
 5: 00007FF6777EFB66 
 6: 00007FF67763CDC0 
 7: 00007FF677604D7A 
 8: 00007FF677605390 
 9: 00007FF677605095 
10: 00007FF6775F4A7B 
11: 00007FF6775F404A 
12: 00007FF67764AB22 
13: 00007FF6776AED8D 
14: 00007FF6772DDD75 
15: 00007FF6777F8B31 
16: 00007FF676D58D8D 
17: 00007FF676B3D03A 
18: 00007FF676B41C4A 
19: 00007FF676B373E5 
20: 00007FF676D79893 
21: 00007FF6785012DE 
22: 00007FF85572E957 BaseThreadInitThunk+23
23: 00007FF85798427C RtlUserThreadStart+44
 1: 00007FF676D1A2ED 
 2: 00007FF676BFBDEF 
 3: 00007FF677DF5336 
 4: 00007FF677802F33 
 5: 00007FF6777EFB66 
 6: 00007FF67763CDC0 
 7: 00007FF677604D7A 
 8: 00007FF677605390 
 9: 00007FF677605095 
10: 00007FF6775F4A7B 
11: 00007FF6775F404A 
12: 00007FF67764AB22 
13: 00007FF6776AED8D 
14: 00007FF6772DDD75 
15: 00007FF6777F8B31 
16: 00007FF676D58D8D 
17: 00007FF676B3D03A 
18: 00007FF676B41C4A 
19: 00007FF676B373E5 
20: 00007FF676D79893 
21: 00007FF6785012DE 
22: 00007FF85572E957 BaseThreadInitThunk+23
23: 00007FF85798427C RtlUserThreadStart+44
 1: 00007FF676D1A2ED node::SetCppgcReference+17725
 2: 00007FF676BFBDEF node::TriggerNodeReport+73871
 3: 00007FF677DF5336 v8::base::FatalOOM+54
 4: 00007FF677802F33 v8::Isolate::ReportExternalAllocationLimitReached+147
 5: 00007FF6777EFB66 v8::Function::Experimental_IsNopFunction+2870
 6: 00007FF67763CDC0 v8::internal::StrongRootAllocatorBase::StrongRootAllocatorBase+31456
 7: 00007FF677604D7A v8::CpuProfileNode::GetScriptResourceNameStr+3146
 8: 00007FF677605390 v8::CpuProfileNode::GetScriptResourceNameStr+4704
 9: 00007FF677605095 v8::CpuProfileNode::GetScriptResourceNameStr+3941
10: 00007FF6775F4A7B v8::PrimitiveArray::Length+126619
11: 00007FF6775F404A v8::PrimitiveArray::Length+124010
12: 00007FF67764AB22 v8::internal::StrongRootAllocatorBase::StrongRootAllocatorBase+88130
13: 00007FF6776AED8D v8::base::CPU::has_sse41+74237
14: 00007FF6772DDD75 v8::base::AddressSpaceReservation::AddressSpaceReservation+11461
15: 00007FF6777F8B31 v8::Isolate::Initialize+433
16: 00007FF676D58D8D node::NewContext+397
17: 00007FF676B3D03A RSA_meth_get_flags+214778
18: 00007FF676B41C4A RSA_meth_get_flags+234250
19: 00007FF676B373E5 RSA_meth_get_flags+191141
20: 00007FF676D79893 uv_poll_stop+291
21: 00007FF6785012DE inflateValidate+159742
22: 00007FF85572E957 BaseThreadInitThunk+23
23: 00007FF85798427C RtlUserThreadStart+44

<--- Last few GCs --->


<--- JS stacktrace --->

FATAL ERROR: Committing semi space failed. Allocation failed - JavaScript heap out of memory
----- Native stack trace -----





#


# Fatal JavaScript out of memory: MemoryChunk allocation failed during deserialization.
#
#
#
# Fatal JavaScript out of memory: MemoryChunk allocation failed during deserialization.
# Fatal JavaScript out of memory: MemoryChunk allocation failed during deserialization.
----- Native stack trace -----
#
#

----- Native stack trace -----
----- Native stack trace -----




#
# Fatal JavaScript out of memory: MemoryChunk allocation failed during deserialization.
#
----- Native stack trace -----

 1: 00007FF676D1A2ED node::SetCppgcReference+17725
 2: 00007FF676C81EA8 v8::base::CPU::num_virtual_address_bits+92328
 3: 00007FF677802EE1 v8::Isolate::ReportExternalAllocationLimitReached+65
 4: 00007FF6777EFB66 v8::Function::Experimental_IsNopFunction+2870
 5: 00007FF67763CDC0 v8::internal::StrongRootAllocatorBase::StrongRootAllocatorBase+31456
 6: 00007FF6775F58D3 v8::PrimitiveArray::Length+130291
 7: 00007FF677645F0F v8::internal::StrongRootAllocatorBase::StrongRootAllocatorBase+68655
 8: 00007FF677636752 v8::internal::StrongRootAllocatorBase::StrongRootAllocatorBase+5234
 9: 00007FF677632155 v8::CpuProfileNode::GetScriptResourceNameStr+188453
10: 00007FF676FB54CD BIO_ssl_shutdown+189
 1: 00007FF676D1A2ED 
 2: 00007FF676BFBDEF 
 3: 00007FF677DF5336 
 4: 00007FF677802F33 
 5: 00007FF6777EFB66 
 6: 00007FF67763CDC0 
 7: 00007FF677604D7A 
 8: 00007FF677605390 
 9: 00007FF677605095 
10: 00007FF6775F4A7B 
11: 00007FF6775F404A 
12: 00007FF67764AB22 
13: 00007FF6776AED8D 
14: 00007FF6772DDD75 
15: 00007FF6777F8B31 
16: 00007FF676D58D8D 
17: 00007FF676B3D03A 
18: 00007FF676B41C4A 
19: 00007FF676B373E5 
20: 00007FF676D79893 
21: 00007FF6785012DE 
22: 00007FF85572E957 BaseThreadInitThunk+23
23: 00007FF85798427C RtlUserThreadStart+44
 1: 00007FF676D1A2ED node::SetCppgcReference+17725
 2: 00007FF676BFBDEF node::TriggerNodeReport+73871
 3: 00007FF677DF5336 v8::base::FatalOOM+54
 4: 00007FF677802F33 v8::Isolate::ReportExternalAllocationLimitReached+147
 5: 00007FF6777EFB66 v8::Function::Experimental_IsNopFunction+2870
 6: 00007FF67763CDC0 v8::internal::StrongRootAllocatorBase::StrongRootAllocatorBase+31456
 7: 00007FF677604D7A v8::CpuProfileNode::GetScriptResourceNameStr+3146
 8: 00007FF677605390 v8::CpuProfileNode::GetScriptResourceNameStr+4704
 9: 00007FF677605095 v8::CpuProfileNode::GetScriptResourceNameStr+3941
10: 00007FF6775F4A7B v8::PrimitiveArray::Length+126619
11: 00007FF6775F404A v8::PrimitiveArray::Length+124010
12: 00007FF67764AB22 v8::internal::StrongRootAllocatorBase::StrongRootAllocatorBase+88130
13: 00007FF6776AED8D v8::base::CPU::has_sse41+74237
14: 00007FF6772DDD75 v8::base::AddressSpaceReservation::AddressSpaceReservation+11461
15: 00007FF6777F8B31 v8::Isolate::Initialize+433
16: 00007FF676D58D8D node::NewContext+397
17: 00007FF676B3D03A RSA_meth_get_flags+214778
18: 00007FF676B41C4A RSA_meth_get_flags+234250
19: 00007FF676B373E5 RSA_meth_get_flags+191141
20: 00007FF676D79893 uv_poll_stop+291
21: 00007FF6785012DE inflateValidate+159742
22: 00007FF85572E957 BaseThreadInitThunk+23
23: 00007FF85798427C RtlUserThreadStart+44


#
# Fatal JavaScript out of memory: MemoryChunk allocation failed during deserialization.
#
----- Native stack trace -----

 1: 00007FF676D1A2ED node::SetCppgcReference+17725
 2: 00007FF676BFBDEF node::TriggerNodeReport+73871
 3: 00007FF677DF5336 v8::base::FatalOOM+54
 4: 00007FF677802F33 v8::Isolate::ReportExternalAllocationLimitReached+147
 5: 00007FF6777EFB66 v8::Function::Experimental_IsNopFunction+2870
 6: 00007FF67763CDC0 v8::internal::StrongRootAllocatorBase::StrongRootAllocatorBase+31456
 7: 00007FF677604D7A v8::CpuProfileNode::GetScriptResourceNameStr+3146
 8: 00007FF677605390 v8::CpuProfileNode::GetScriptResourceNameStr+4704
 9: 00007FF677605095 v8::CpuProfileNode::GetScriptResourceNameStr+3941
10: 00007FF6775F4A7B v8::PrimitiveArray::Length+126619
11: 00007FF6775F404A v8::PrimitiveArray::Length+124010
12: 00007FF67764AB22 v8::internal::StrongRootAllocatorBase::StrongRootAllocatorBase+88130
13: 00007FF6776AED8D v8::base::CPU::has_sse41+74237
14: 00007FF6772DDD75 v8::base::AddressSpaceReservation::AddressSpaceReservation+11461
15: 00007FF6777F8B31 v8::Isolate::Initialize+433
16: 00007FF676D58D8D node::NewContext+397
17: 00007FF676B3D03A RSA_meth_get_flags+214778
18: 00007FF676B41C4A RSA_meth_get_flags+234250
19: 00007FF676B373E5 RSA_meth_get_flags+191141
20: 00007FF676D79893 uv_poll_stop+291
21: 00007FF6785012DE inflateValidate+159742
22: 00007FF85572E957 BaseThreadInitThunk+23
23: 00007FF85798427C RtlUserThreadStart+44
⨯ Error: Failed to load external module @swc/helpers-a0de6bd0cb8eca46/_/_interop_require_default: Error: Cannot find module '@swc/helpers-a0de6bd0cb8eca46/_/_interop_require_default'
Require stack:
- C:\Users\pc\Desktop\AWS site\cloud-changelog\.next\dev\server\chunks\ssr\[root-of-the-server]__0oebo.e._.js
- C:\Users\pc\Desktop\AWS site\cloud-changelog\.next\dev\server\chunks\ssr\[turbopack]_runtime.js
- C:\Users\pc\Desktop\AWS site\cloud-changelog\.next\dev\server\pages\_document.js
- C:\Users\pc\Desktop\AWS site\cloud-changelog\node_modules\next\dist\server\require.js
- C:\Users\pc\Desktop\AWS site\cloud-changelog\node_modules\next\dist\server\load-components.js
- C:\Users\pc\Desktop\AWS site\cloud-changelog\node_modules\next\dist\build\utils.js
- C:\Users\pc\Desktop\AWS site\cloud-changelog\node_modules\next\dist\server\lib\router-utils\setup-dev-bundler.js
- C:\Users\pc\Desktop\AWS site\cloud-changelog\node_modules\next\dist\server\lib\router-server.js
- C:\Users\pc\Desktop\AWS site\cloud-changelog\node_modules\next\dist\server\lib\start-server.js
    at module evaluation (C:\Users\pc\Desktop\AWS site\cloud-changelog\.next\dev\server\chunks\ssr\[root-of-the-server]__0oebo.e._.js:16:35)
    at Object.<anonymous> (C:\Users\pc\Desktop\AWS site\cloud-changelog\.next\dev\server\pages\_app.js:3:3)
 1: 00007FF676D1A2ED 
 2: 00007FF676BFBDEF 
 3: 00007FF677DF5336 
 4: 00007FF677802F33 
 5: 00007FF6777EFB66 
 6: 00007FF67763CDC0 
 7: 00007FF677604D7A 
 8: 00007FF677605390 
 9: 00007FF677605095 
10: 00007FF6775F4A7B 
11: 00007FF6775F404A 
12: 00007FF67764AB22 
13: 00007FF6776AED8D 
14: 00007FF6772DDD75 
15: 00007FF6777F8B31 
16: 00007FF676D58D8D 
17: 00007FF676B3D03A 
18: 00007FF676B41C4A 
19: 00007FF676B373E5 
20: 00007FF676D79893 
21: 00007FF6785012DE 
22: 00007FF85572E957 BaseThreadInitThunk+23
23: 00007FF85798427C RtlUserThreadStart+44
 1: 00007FF676D1A2ED 
 2: 00007FF676BFBDEF 
 3: 00007FF677DF5336 
 4: 00007FF677802F33 
 5: 00007FF6777EFB66 
 6: 00007FF67763CDC0 
 7: 00007FF677604D7A 
 8: 00007FF677605390 
 9: 00007FF677605095 
10: 00007FF6775F4A7B 
11: 00007FF6775F404A 
12: 00007FF67764AB22 
13: 00007FF6776AED8D 
14: 00007FF6772DDD75 
15: 00007FF6777F8B31 
16: 00007FF676D58D8D 
17: 00007FF676B3D03A 
18: 00007FF676B41C4A 
19: 00007FF676B373E5 
20: 00007FF676D79893 
21: 00007FF6785012DE 
22: 00007FF85572E957 BaseThreadInitThunk+23
23: 00007FF85798427C RtlUserThreadStart+44

-----
[1m[31mFATAL[39m[0m: An unexpected Turbopack error occurred. A panic log has been written to C:\Users\pc\AppData\Local\Temp\next-panic-73982f5f31ec825c31e47db5d92c07a3.log.

To help make Turbopack better, report this error by clicking here: https://bugs.nextjs.org/search?category=turbopack-error-report&title=Turbopack%20Error%3A%20failed%20to%20write%20to%20%22C%3A%5C%5CUsers%5C%5Cpc%5C%5CDesktop%5C%5CAWS%20site%5C%5Ccloud-changelog%5C%5C.next%5C%5Cdev%5C%5Cserver%5C%5Cpages%5C%5C_error.js%22&body=Turbopack%20version%3A%20%60ee6e79b1%60%0ANext.js%20version%3A%20%600.0.0%60%0A%0AError%20message%3A%0A%60%60%60%0Afailed%20to%20write%20to%20%22C%3A%5C%5CUsers%5C%5Cpc%5C%5CDesktop%5C%5CAWS%20site%5C%5Ccloud-changelog%5C%5C.next%5C%5Cdev%5C%5Cserver%5C%5Cpages%5C%5C_error.js%22%0A%0ACaused%20by%3A%0A-%20Insufficient%20system%20resources%20exist%20to%20complete%20the%20requested%20service.%20%28os%20error%201450%29%0A%60%60%60&labels=Turbopack,Turbopack%20Panic%20Backtrace
-----


<--- Last few GCs --->


<--- JS stacktrace --->



#
# Fatal JavaScript out of memory: MemoryChunk allocation failed during deserialization.
#
----- Native stack trace -----


-----
[1m[31mFATAL[39m[0m: An unexpected Turbopack error occurred. A panic log has been written to C:\Users\pc\AppData\Local\Temp\next-panic-73982f5f31ec825c31e47db5d92c07a3.log.

To help make Turbopack better, report this error by clicking here: https://bugs.nextjs.org/search?category=turbopack-error-report&title=Turbopack%20Error%3A%20failed%20to%20write%20to%20%22C%3A%5C%5CUsers%5C%5Cpc%5C%5CDesktop%5C%5CAWS%20site%5C%5Ccloud-changelog%5C%5C.next%5C%5Cdev%5C%5Cserver%5C%5Cpages%5C%5C_error.js%22&body=Turbopack%20version%3A%20%60ee6e79b1%60%0ANext.js%20version%3A%20%600.0.0%60%0A%0AError%20message%3A%0A%60%60%60%0Afailed%20to%20write%20to%20%22C%3A%5C%5CUsers%5C%5Cpc%5C%5CDesktop%5C%5CAWS%20site%5C%5Ccloud-changelog%5C%5C.next%5C%5Cdev%5C%5Cserver%5C%5Cpages%5C%5C_error.js%22%0A%0ACaused%20by%3A%0A-%20Insufficient%20system%20resources%20exist%20to%20complete%20the%20requested%20service.%20%28os%20error%201450%29%0A%60%60%60&labels=Turbopack,Turbopack%20Panic%20Backtrace
-----


<--- Last few GCs --->


<--- JS stacktrace --->



#
# Fatal JavaScript out of memory: MemoryChunk allocation failed during deserialization.
#
----- Native stack trace -----

 1: 00007FF676D1A2ED node::SetCppgcReference+17725
 2: 00007FF676BFBDEF node::TriggerNodeReport+73871
 3: 00007FF677DF5336 v8::base::FatalOOM+54
 4: 00007FF677802F33 v8::Isolate::ReportExternalAllocationLimitReached+147
 5: 00007FF6777EFB66 v8::Function::Experimental_IsNopFunction+2870
 6: 00007FF67763CDC0 v8::internal::StrongRootAllocatorBase::StrongRootAllocatorBase+31456
 7: 00007FF677604D7A v8::CpuProfileNode::GetScriptResourceNameStr+3146
 8: 00007FF677605390 v8::CpuProfileNode::GetScriptResourceNameStr+4704
 9: 00007FF677605095 v8::CpuProfileNode::GetScriptResourceNameStr+3941
10: 00007FF6775EAB73 v8::PrimitiveArray::Length+85907
11: 00007FF67762B0D6 v8::CpuProfileNode::GetScriptResourceNameStr+159654
12: 00007FF67762AD60 v8::CpuProfileNode::GetScriptResourceNameStr+158768
13: 00007FF67762A4A8 v8::CpuProfileNode::GetScriptResourceNameStr+156536
14: 00007FF677629C01 v8::CpuProfileNode::GetScriptResourceNameStr+154321
15: 00007FF67764F5C1 v8::Isolate::GetHeapProfiler+7601
16: 00007FF67764FF28 v8::Isolate::GetHeapProfiler+10008
17: 00007FF6772F8B9F v8::base::AddressSpaceReservation::AddressSpaceReservation+121583
18: 00007FF6772FA486 v8::base::AddressSpaceReservation::AddressSpaceReservation+127958
19: 00007FF6772F4EA5 v8::base::AddressSpaceReservation::AddressSpaceReservation+105973
20: 00007FF6772F9D3C v8::base::AddressSpaceReservation::AddressSpaceReservation+126092
21: 00007FF6772FA5A2 v8::base::AddressSpaceReservation::AddressSpaceReservation+128242
22: 00007FF6772F4EA5 v8::base::AddressSpaceReservation::AddressSpaceReservation+105973
23: 00007FF6772F9D3C v8::base::AddressSpaceReservation::AddressSpaceReservation+126092
24: 00007FF6772FA5A2 v8::base::AddressSpaceReservation::AddressSpaceReservation+128242
25: 00007FF6772F4EA5 v8::base::AddressSpaceReservation::AddressSpaceReservation+105973
26: 00007FF6772F9D3C v8::base::AddressSpaceReservation::AddressSpaceReservation+126092
27: 00007FF6772FA5A2 v8::base::AddressSpaceReservation::AddressSpaceReservation+128242
28: 00007FF6772F4EA5 v8::base::AddressSpaceReservation::AddressSpaceReservation+105973
29: 00007FF6772F9D3C v8::base::AddressSpaceReservation::AddressSpaceReservation+126092
30: 00007FF6772FA5A2 v8::base::AddressSpaceReservation::AddressSpaceReservation+128242
31: 00007FF6772F5DA7 v8::base::AddressSpaceReservation::AddressSpaceReservation+109815
32: 00007FF6772FAB4F v8::base::AddressSpaceReservation::AddressSpaceReservation+129695
33: 00007FF677642CAC v8::internal::StrongRootAllocatorBase::StrongRootAllocatorBase+55756
34: 00007FF6772D5DD1 v8::internal::Version::GetString+94017
35: 00007FF6776AF1E5 v8::base::CPU::has_sse41+75349
36: 00007FF6772DDD75 v8::base::AddressSpaceReservation::AddressSpaceReservation+11461
37: 00007FF6777F8B31 v8::Isolate::Initialize+433
38: 00007FF676D58D8D node::NewContext+397
39: 00007FF676B3D03A RSA_meth_get_flags+214778
40: 00007FF676B41C4A RSA_meth_get_flags+234250
41: 00007FF676B373E5 RSA_meth_get_flags+191141
42: 00007FF676D79893 uv_poll_stop+291
43: 00007FF6785012DE inflateValidate+159742
44: 00007FF85572E957 BaseThreadInitThunk+23
45: 00007FF85798427C RtlUserThreadStart+44

-----
[1m[31mFATAL[39m[0m: An unexpected Turbopack error occurred. A panic log has been written to C:\Users\pc\AppData\Local\Temp\next-panic-73982f5f31ec825c31e47db5d92c07a3.log.

To help make Turbopack better, report this error by clicking here: https://bugs.nextjs.org/search?category=turbopack-error-report&title=Turbopack%20Error%3A%20failed%20to%20write%20to%20%22C%3A%5C%5CUsers%5C%5Cpc%5C%5CDesktop%5C%5CAWS%20site%5C%5Ccloud-changelog%5C%5C.next%5C%5Cdev%5C%5Cserver%5C%5Cpages%5C%5C_error.js%22&body=Turbopack%20version%3A%20%60ee6e79b1%60%0ANext.js%20version%3A%20%600.0.0%60%0A%0AError%20message%3A%0A%60%60%60%0Afailed%20to%20write%20to%20%22C%3A%5C%5CUsers%5C%5Cpc%5C%5CDesktop%5C%5CAWS%20site%5C%5Ccloud-changelog%5C%5C.next%5C%5Cdev%5C%5Cserver%5C%5Cpages%5C%5C_error.js%22%0A%0ACaused%20by%3A%0A-%20Insufficient%20system%20resources%20exist%20to%20complete%20the%20requested%20service.%20%28os%20error%201450%29%0A%60%60%60&labels=Turbopack,Turbopack%20Panic%20Backtrace
-----

 1: 00007FF676D1A2ED 
 2: 00007FF676BFBDEF 
 3: 00007FF677DF5336 
 4: 00007FF677802F33 
 5: 00007FF6777EFB66 
 6: 00007FF67763CDC0 
 7: 00007FF677604D7A 
 8: 00007FF677605390 
 9: 00007FF677605095 
10: 00007FF6775EAB73 
11: 00007FF67762B0D6 
12: 00007FF67762AD60 
13: 00007FF67762A4A8 
14: 00007FF677629C01 
15: 00007FF6772F8B27 
16: 00007FF6772FA486 
17: 00007FF6772F5DA7 
18: 00007FF6772FAB4F 
19: 00007FF6772D5764 
20: 00007FF6772EDD4A 
21: 00007FF6772DF6DB 
22: 00007FF6776AF189 
23: 00007FF6772DDD75 
24: 00007FF6777F8B31 
25: 00007FF676D58D8D 
26: 00007FF676B3D03A 
27: 00007FF676B41C4A 
28: 00007FF676B373E5 
29: 00007FF676D79893 
30: 00007FF6785012DE 
31: 00007FF85572E957 BaseThreadInitThunk+23
32: 00007FF85798427C RtlUserThreadStart+44

-----
[1m[31mFATAL[39m[0m: An unexpected Turbopack error occurred. A panic log has been written to C:\Users\pc\AppData\Local\Temp\next-panic-73982f5f31ec825c31e47db5d92c07a3.log.

To help make Turbopack better, report this error by clicking here: https://bugs.nextjs.org/search?category=turbopack-error-report&title=Turbopack%20Error%3A%20failed%20to%20write%20to%20%22C%3A%5C%5CUsers%5C%5Cpc%5C%5CDesktop%5C%5CAWS%20site%5C%5Ccloud-changelog%5C%5C.next%5C%5Cdev%5C%5Cserver%5C%5Cpages%5C%5C_document.js%22&body=Turbopack%20version%3A%20%60ee6e79b1%60%0ANext.js%20version%3A%20%600.0.0%60%0A%0AError%20message%3A%0A%60%60%60%0Afailed%20to%20write%20to%20%22C%3A%5C%5CUsers%5C%5Cpc%5C%5CDesktop%5C%5CAWS%20site%5C%5Ccloud-changelog%5C%5C.next%5C%5Cdev%5C%5Cserver%5C%5Cpages%5C%5C_document.js%22%0A%0ACaused%20by%3A%0A-%20Insufficient%20system%20resources%20exist%20to%20complete%20the%20requested%20service.%20%28os%20error%201450%29%0A%60%60%60&labels=Turbopack,Turbopack%20Panic%20Backtrace
-----

[Server HMR] Subscription error: Error [TurbopackInternalError]: failed to write to "C:\\Users\\pc\\Desktop\\AWS site\\cloud-changelog\\.next\\dev\\server\\pages\\_error.js"

Caused by:
- Insufficient system resources exist to complete the requested service. (os error 1450)
    at <unknown> (TurbopackInternalError: failed to write to "C:\\Users\\pc\\Desktop\\AWS site\\cloud-changelog\\.next\\dev\\server\\pages\\_error.js") {
  location: undefined
}
[Server HMR] Subscription error: Error [TurbopackInternalError]: failed to write to "C:\\Users\\pc\\Desktop\\AWS site\\cloud-changelog\\.next\\dev\\server\\pages\\_error.js"

Caused by:
- Insufficient system resources exist to complete the requested service. (os error 1450)
    at <unknown> (TurbopackInternalError: failed to write to "C:\\Users\\pc\\Desktop\\AWS site\\cloud-changelog\\.next\\dev\\server\\pages\\_error.js") {
  location: undefined
}
[Server HMR] Subscription error: Error [TurbopackInternalError]: failed to write to "C:\\Users\\pc\\Desktop\\AWS site\\cloud-changelog\\.next\\dev\\server\\pages\\_error.js"

Caused by:
- Insufficient system resources exist to complete the requested service. (os error 1450)
    at <unknown> (TurbopackInternalError: failed to write to "C:\\Users\\pc\\Desktop\\AWS site\\cloud-changelog\\.next\\dev\\server\\pages\\_error.js") {
  location: undefined
}
[Server HMR] Subscription error: Error [TurbopackInternalError]: failed to write to "C:\\Users\\pc\\Desktop\\AWS site\\cloud-changelog\\.next\\dev\\server\\pages\\_error.js"

Caused by:
- Insufficient system resources exist to complete the requested service. (os error 1450)
    at <unknown> (TurbopackInternalError: failed to write to "C:\\Users\\pc\\Desktop\\AWS site\\cloud-changelog\\.next\\dev\\server\\pages\\_error.js") {
  location: undefined
}

<--- Last few GCs --->


<--- JS stacktrace --->




<--- Last few GCs --->
#




# Fatal JavaScript out of memory: MemoryChunk allocation failed during deserialization.

<--- Last few GCs --->
<--- Last few GCs --->

#
#


<--- JS stacktrace --->
----- Native stack trace -----
# Fatal JavaScript out of memory: MemoryChunk allocation failed during deserialization.




<--- JS stacktrace --->
<--- JS stacktrace --->

#



----- Native stack trace -----
 1: 00007FF676D1A2ED node::SetCppgcReference+17725


#

 2: 00007FF676BFBDEF node::TriggerNodeReport+73871


# Fatal JavaScript out of memory: MemoryChunk allocation failed during deserialization.
 1: 00007FF676D1A2ED node::SetCppgcReference+17725
 3: 00007FF677DF5336 v8::base::FatalOOM+54
#
#
#
 2: 00007FF676BFBDEF node::TriggerNodeReport+73871
 4: 00007FF677802F33 v8::Isolate::ReportExternalAllocationLimitReached+147
# Fatal JavaScript out of memory: MemoryChunk allocation failed during deserialization.
# Fatal JavaScript out of memory: MemoryChunk allocation failed during deserialization.
----- Native stack trace -----
 3: 00007FF677DF5336 v8::base::FatalOOM+54
 5: 00007FF6777EFB66 v8::Function::Experimental_IsNopFunction+2870
#
#

 6: 00007FF67763CDC0 v8::internal::StrongRootAllocatorBase::StrongRootAllocatorBase+31456
 4: 00007FF677802F33 v8::Isolate::ReportExternalAllocationLimitReached+147
----- Native stack trace -----
----- Native stack trace -----
 1: 00007FF676D1A2ED node::SetCppgcReference+17725
 5: 00007FF6777EFB66 v8::Function::Experimental_IsNopFunction+2870
 7: 00007FF677604D7A v8::CpuProfileNode::GetScriptResourceNameStr+3146


 2: 00007FF676BFBDEF node::TriggerNodeReport+73871
 6: 00007FF67763CDC0 v8::internal::StrongRootAllocatorBase::StrongRootAllocatorBase+31456
 8: 00007FF677605390 v8::CpuProfileNode::GetScriptResourceNameStr+4704
 3: 00007FF677DF5336 v8::base::FatalOOM+54
 1: 00007FF676D1A2ED node::SetCppgcReference+17725
 7: 00007FF677604D7A v8::CpuProfileNode::GetScriptResourceNameStr+3146
 9: 00007FF677605095 v8::CpuProfileNode::GetScriptResourceNameStr+3941
 2: 00007FF676BFBDEF node::TriggerNodeReport+73871
 4: 00007FF677802F33 v8::Isolate::ReportExternalAllocationLimitReached+147
 8: 00007FF677605390 v8::CpuProfileNode::GetScriptResourceNameStr+4704
10: 00007FF6775EAB73 v8::PrimitiveArray::Length+85907
 3: 00007FF677DF5336 v8::base::FatalOOM+54
 5: 00007FF6777EFB66 v8::Function::Experimental_IsNopFunction+2870
 9: 00007FF677605095 v8::CpuProfileNode::GetScriptResourceNameStr+3941
11: 00007FF67762B0D6 v8::CpuProfileNode::GetScriptResourceNameStr+159654
 4: 00007FF677802F33 v8::Isolate::ReportExternalAllocationLimitReached+147
 6: 00007FF67763CDC0 v8::internal::StrongRootAllocatorBase::StrongRootAllocatorBase+31456
10: 00007FF6775F4A7B v8::PrimitiveArray::Length+126619
12: 00007FF67762AD60 v8::CpuProfileNode::GetScriptResourceNameStr+158768
 5: 00007FF6777EFB66 v8::Function::Experimental_IsNopFunction+2870
 7: 00007FF677604D7A v8::CpuProfileNode::GetScriptResourceNameStr+3146
11: 00007FF6775F404A v8::PrimitiveArray::Length+124010
13: 00007FF67762A4A8 v8::CpuProfileNode::GetScriptResourceNameStr+156536
 6: 00007FF67763CDC0 v8::internal::StrongRootAllocatorBase::StrongRootAllocatorBase+31456
 8: 00007FF677605390 v8::CpuProfileNode::GetScriptResourceNameStr+4704
12: 00007FF67764AB22 v8::internal::StrongRootAllocatorBase::StrongRootAllocatorBase+88130
14: 00007FF677629C01 v8::CpuProfileNode::GetScriptResourceNameStr+154321
 7: 00007FF677604D7A v8::CpuProfileNode::GetScriptResourceNameStr+3146
 9: 00007FF677605095 v8::CpuProfileNode::GetScriptResourceNameStr+3941
13: 00007FF6776AED8D v8::base::CPU::has_sse41+74237
15: 00007FF67764F5C1 v8::Isolate::GetHeapProfiler+7601
 8: 00007FF677605390 v8::CpuProfileNode::GetScriptResourceNameStr+4704
10: 00007FF6775EAB73 v8::PrimitiveArray::Length+85907
14: 00007FF6772DDD75 v8::base::AddressSpaceReservation::AddressSpaceReservation+11461
16: 00007FF67764FF28 v8::Isolate::GetHeapProfiler+10008
 9: 00007FF677605095 v8::CpuProfileNode::GetScriptResourceNameStr+3941
11: 00007FF67762B0D6 v8::CpuProfileNode::GetScriptResourceNameStr+159654
15: 00007FF6777F8B31 v8::Isolate::Initialize+433
17: 00007FF6772F8B9F v8::base::AddressSpaceReservation::AddressSpaceReservation+121583
10: 00007FF6775EAB73 v8::PrimitiveArray::Length+85907
12: 00007FF67762AD60 v8::CpuProfileNode::GetScriptResourceNameStr+158768
16: 00007FF676D58D8D node::NewContext+397
18: 00007FF6772FA486 v8::base::AddressSpaceReservation::AddressSpaceReservation+127958
11: 00007FF67762B0D6 v8::CpuProfileNode::GetScriptResourceNameStr+159654
13: 00007FF67762A4A8 v8::CpuProfileNode::GetScriptResourceNameStr+156536
17: 00007FF676B3D03A RSA_meth_get_flags+214778
19: 00007FF6772F5DA7 v8::base::AddressSpaceReservation::AddressSpaceReservation+109815
12: 00007FF67762AD60 v8::CpuProfileNode::GetScriptResourceNameStr+158768
14: 00007FF677629C01 v8::CpuProfileNode::GetScriptResourceNameStr+154321
18: 00007FF676B41C4A RSA_meth_get_flags+234250
20: 00007FF6772FAB4F v8::base::AddressSpaceReservation::AddressSpaceReservation+129695
13: 00007FF67762A4A8 v8::CpuProfileNode::GetScriptResourceNameStr+156536
15: 00007FF67764F5C1 v8::Isolate::GetHeapProfiler+7601
19: 00007FF676B373E5 RSA_meth_get_flags+191141
21: 00007FF677642CAC v8::internal::StrongRootAllocatorBase::StrongRootAllocatorBase+55756
14: 00007FF677629C01 v8::CpuProfileNode::GetScriptResourceNameStr+154321
16: 00007FF67764FF28 v8::Isolate::GetHeapProfiler+10008
20: 00007FF676D79893 uv_poll_stop+291
22: 00007FF6772D5DD1 v8::internal::Version::GetString+94017
15: 00007FF67764F5C1 v8::Isolate::GetHeapProfiler+7601
17: 00007FF6772F8B9F v8::base::AddressSpaceReservation::AddressSpaceReservation+121583
21: 00007FF6785012DE inflateValidate+159742
23: 00007FF6776AF1E5 v8::base::CPU::has_sse41+75349
16: 00007FF67764FF28 v8::Isolate::GetHeapProfiler+10008
18: 00007FF6772FA486 v8::base::AddressSpaceReservation::AddressSpaceReservation+127958
22: 00007FF85572E957 BaseThreadInitThunk+23
24: 00007FF6772DDD75 v8::base::AddressSpaceReservation::AddressSpaceReservation+11461
17: 00007FF6772F8B9F v8::base::AddressSpaceReservation::AddressSpaceReservation+121583
19: 00007FF6772F5DA7 v8::base::AddressSpaceReservation::AddressSpaceReservation+109815
23: 00007FF85798427C RtlUserThreadStart+44
25: 00007FF6777F8B31 v8::Isolate::Initialize+433
18: 00007FF6772FA486 v8::base::AddressSpaceReservation::AddressSpaceReservation+127958
20: 00007FF6772FAB4F v8::base::AddressSpaceReservation::AddressSpaceReservation+129695
21: 00007FF677642CAC v8::internal::StrongRootAllocatorBase::StrongRootAllocatorBase+55756
19: 00007FF6772F5DA7 v8::base::AddressSpaceReservation::AddressSpaceReservation+109815
26: 00007FF676D58D8D node::NewContext+397
27: 00007FF676B3D03A RSA_meth_get_flags+214778
20: 00007FF6772FAB4F v8::base::AddressSpaceReservation::AddressSpaceReservation+129695
22: 00007FF6772D5DD1 v8::internal::Version::GetString+94017
28: 00007FF676B41C4A RSA_meth_get_flags+234250
21: 00007FF677642CAC v8::internal::StrongRootAllocatorBase::StrongRootAllocatorBase+55756
23: 00007FF6776AF1E5 v8::base::CPU::has_sse41+75349
29: 00007FF676B373E5 RSA_meth_get_flags+191141
22: 00007FF6772D5DD1 v8::internal::Version::GetString+94017
24: 00007FF6772DDD75 v8::base::AddressSpaceReservation::AddressSpaceReservation+11461
30: 00007FF676D79893 uv_poll_stop+291
23: 00007FF6776AF1E5 v8::base::CPU::has_sse41+75349
25: 00007FF6777F8B31 v8::Isolate::Initialize+433
31: 00007FF6785012DE inflateValidate+159742
24: 00007FF6772DDD75 v8::base::AddressSpaceReservation::AddressSpaceReservation+11461
26: 00007FF676D58D8D node::NewContext+397
32: 00007FF85572E957 BaseThreadInitThunk+23
25: 00007FF6777F8B31 v8::Isolate::Initialize+433
27: 00007FF676B3D03A RSA_meth_get_flags+214778
33: 00007FF85798427C RtlUserThreadStart+44
26: 00007FF676D58D8D node::NewContext+397
28: 00007FF676B41C4A RSA_meth_get_flags+234250
27: 00007FF676B3D03A RSA_meth_get_flags+214778
29: 00007FF676B373E5 RSA_meth_get_flags+191141
28: 00007FF676B41C4A RSA_meth_get_flags+234250
30: 00007FF676D79893 uv_poll_stop+291
29: 00007FF676B373E5 RSA_meth_get_flags+191141
31: 00007FF6785012DE inflateValidate+159742
30: 00007FF676D79893 uv_poll_stop+291
32: 00007FF85572E957 BaseThreadInitThunk+23
31: 00007FF6785012DE inflateValidate+159742
33: 00007FF85798427C RtlUserThreadStart+44
32: 00007FF85572E957 BaseThreadInitThunk+23
33: 00007FF85798427C RtlUserThreadStart+44
 1: 00007FF676D1A2ED 
 2: 00007FF676BFBDEF 
 3: 00007FF677DF5336 
 4: 00007FF677802F33 
 5: 00007FF6777EFB66 
 6: 00007FF67763CDC0 
 7: 00007FF677604D7A 
 8: 00007FF677605390 
 9: 00007FF677605095 
10: 00007FF6775EAB73 

11: 00007FF67762B0D6 
<--- Last few GCs --->
12: 00007FF67762AD60 

13: 00007FF67762A4A8 
[72524:00000246481F1000]     4131 ms: Scavenge 6.4 (8.0) -> 6.3 (10.7) MB, pooled: 0 MB, 45.06 / 0.00 ms  (average mu = 1.000, current mu = 1.000) allocation failure; 
14: 00007FF677629C01 
[72524:00000246481F1000]     4291 ms: Scavenge 9.2 (11.6) -> 8.3 (11.9) MB, pooled: 0 MB, 0.73 / 0.00 ms  (average mu = 1.000, current mu = 1.000) allocation failure; 
15: 00007FF6772F8B27 
[72524:00000246481F1000]     4516 ms: Scavenge 10.5 (13.1) -> 9.8 (18.6) MB, pooled: 0 MB, 1.20 / 0.00 ms  (average mu = 1.000, current mu = 1.000) allocation failure; 
16: 00007FF6772FA486 

17: 00007FF6772F5DA7 

18: 00007FF6772FAB4F 
<--- JS stacktrace --->
19: 00007FF677642CAC 

20: 00007FF6772D5DD1 
FATAL ERROR: Zone Allocation failed - process out of memory
21: 00007FF6776AF1E5 
----- Native stack trace -----
22: 00007FF6772DDD75 

23: 00007FF6777F8B31 
24: 00007FF676D58D8D 
25: 00007FF676B3D03A 
26: 00007FF676B41C4A 
27: 00007FF676B373E5 
28: 00007FF676D79893 
29: 00007FF6785012DE 
30: 00007FF85572E957 BaseThreadInitThunk+23
31: 00007FF85798427C RtlUserThreadStart+44

<--- Last few GCs --->


<--- Last few GCs --->


<--- JS stacktrace --->
[71836:000001AA15E25000]     1273 ms: Scavenge 6.4 (8.0) -> 5.6 (9.9) MB, pooled: 0 MB, 0.72 / 0.00 ms  (average mu = 1.000, current mu = 1.000) allocation failure; 

[71836:000001AA15E25000]     1425 ms: Scavenge 8.3 (10.6) -> 7.4 (11.1) MB, pooled: 0 MB, 0.86 / 0.00 ms  (average mu = 1.000, current mu = 1.000) allocation failure; 
FATAL ERROR: Committing semi space failed. Allocation failed - JavaScript heap out of memory

----- Native stack trace -----


<--- JS stacktrace --->
 1: 00007FF676D1A2ED node::SetCppgcReference+17725

 2: 00007FF676C81EA8 v8::base::CPU::num_virtual_address_bits+92328
FATAL ERROR: NewSpace::EnsureCurrentCapacity Allocation failed - JavaScript heap out of memory
 3: 00007FF677802EE1 v8::Isolate::ReportExternalAllocationLimitReached+65
----- Native stack trace -----
 4: 00007FF6777EFB66 v8::Function::Experimental_IsNopFunction+2870

 5: 00007FF67763CDC0 v8::internal::StrongRootAllocatorBase::StrongRootAllocatorBase+31456
 6: 00007FF6775F58D3 v8::PrimitiveArray::Length+130291
 7: 00007FF677645F0F v8::internal::StrongRootAllocatorBase::StrongRootAllocatorBase+68655
 8: 00007FF677636752 v8::internal::StrongRootAllocatorBase::StrongRootAllocatorBase+5234
 9: 00007FF677632155 v8::CpuProfileNode::GetScriptResourceNameStr+188453
10: 00007FF676FB54CD BIO_ssl_shutdown+189
 1: 00007FF676D1A2ED node::SetCppgcReference+17725
 2: 00007FF676C81EA8 v8::base::CPU::num_virtual_address_bits+92328
 1: 00007FF676D1A2ED 
 3: 00007FF677802EE1 v8::Isolate::ReportExternalAllocationLimitReached+65
 2: 00007FF676C81EA8 
 4: 00007FF6777EFB66 v8::Function::Experimental_IsNopFunction+2870
 3: 00007FF677802EE1 
 5: 00007FF67763CDC0 v8::internal::StrongRootAllocatorBase::StrongRootAllocatorBase+31456
 4: 00007FF6777EFB66 
 6: 00007FF67761A8A2 v8::CpuProfileNode::GetScriptResourceNameStr+92018
 5: 00007FF6772BEB3B 
 7: 00007FF67764398B v8::internal::StrongRootAllocatorBase::StrongRootAllocatorBase+59051
 6: 00007FF67705E426 
 8: 00007FF677645F7B v8::internal::StrongRootAllocatorBase::StrongRootAllocatorBase+68763
 7: 00007FF67758A723 
 9: 00007FF677636752 v8::internal::StrongRootAllocatorBase::StrongRootAllocatorBase+5234
 8: 00007FF67758ABC7 
10: 00007FF677632155 v8::CpuProfileNode::GetScriptResourceNameStr+188453
 9: 00007FF67758F080 
11: 00007FF676FB54CD BIO_ssl_shutdown+189
10: 00007FF677599813 
12: 7FF8000000000000 
11: 00007FF677577D88 
12: 00007FF67758366C 
13: 00007FF67757C407 
14: 00007FF67757F926 
15: 00007FF67757DF59 
16: 00007FF677583215 
17: 00007FF67757C407 
18: 00007FF677580299 
19: 00007FF6775829C7 
20: 00007FF67757C407 
21: 00007FF677585965 
22: 00007FF67757A692 
23: 00007FF67757A2E0 
24: 00007FF677569C3B 
25: 00007FF67776A648 
26: 00007FF677763958 
27: 00007FF677766F33 
28: 00007FF6777668AA 
29: 00007FF677332B87 
30: 00007FF6778BE27E 
31: 00007FF6778203DF 
32: 00007FF67781EAE2 
33: 00007FF67781EAE2 
34: 00007FF67781EAE2 
35: 00007FF67781EAE2 
36: 00007FF5F7A59EBF 


#
# Fatal process out of memory: Failed to reserve virtual memory for CodeRange
#
----- Native stack trace -----




#


# Fatal JavaScript out of memory: MemoryChunk allocation failed during deserialization.

#
#
#
# Fatal JavaScript out of memory: MemoryChunk allocation failed during deserialization.
----- Native stack trace -----
# Fatal JavaScript out of memory: MemoryChunk allocation failed during deserialization.
#

#
----- Native stack trace -----
----- Native stack trace -----




#
# Fatal JavaScript out of memory: MemoryChunk allocation failed during deserialization.
#
----- Native stack trace -----


<--- Last few GCs --->


<--- JS stacktrace --->



#
# Fatal JavaScript out of memory: MemoryChunk allocation failed during deserialization.
#
----- Native stack trace -----


-----
[1m[31mFATAL[39m[0m: An unexpected Turbopack error occurred. A panic log has been written to C:\Users\pc\AppData\Local\Temp\next-panic-73982f5f31ec825c31e47db5d92c07a3.log.

To help make Turbopack better, report this error by clicking here: https://bugs.nextjs.org/search?category=turbopack-error-report&title=Turbopack%20Error%3A%20failed%20to%20write%20to%20%22C%3A%5C%5CUsers%5C%5Cpc%5C%5CDesktop%5C%5CAWS%20site%5C%5Ccloud-changelog%5C%5C.next%5C%5Cdev%5C%5Cserver%5C%5Cpages%5C%5C_error.js%22&body=Turbopack%20version%3A%20%60ee6e79b1%60%0ANext.js%20version%3A%20%600.0.0%60%0A%0AError%20message%3A%0A%60%60%60%0Afailed%20to%20write%20to%20%22C%3A%5C%5CUsers%5C%5Cpc%5C%5CDesktop%5C%5CAWS%20site%5C%5Ccloud-changelog%5C%5C.next%5C%5Cdev%5C%5Cserver%5C%5Cpages%5C%5C_error.js%22%0A%0ACaused%20by%3A%0A-%20Insufficient%20system%20resources%20exist%20to%20complete%20the%20requested%20service.%20%28os%20error%201450%29%0A%60%60%60&labels=Turbopack,Turbopack%20Panic%20Backtrace
-----

 1: 00007FF676D1A2ED 
 2: 00007FF676BFBDEF 
 3: 00007FF677DF5336 
 4: 00007FF677802F33 
 1: 00007FF676D1A2ED 
 5: 00007FF6777EFB66 
 2: 00007FF676BFBDEF 
 6: 00007FF67763CDC0 
 3: 00007FF677DF5336 
 7: 00007FF677604D7A 
 4: 00007FF677802F33 
 8: 00007FF677605390 
 5: 00007FF6777EFB66 
 9: 00007FF677605095 
 6: 00007FF67763CDC0 
10: 00007FF6775EAB73 
 7: 00007FF677604D7A 
11: 00007FF67762B0D6 
 8: 00007FF677605390 
12: 00007FF67762AD60 
 9: 00007FF677605095 
13: 00007FF67762A4A8 
10: 00007FF6775F4A7B 
14: 00007FF677629C01 
11: 00007FF6775F404A 
15: 00007FF67764F5C1 
12: 00007FF67764AB22 
16: 00007FF67764FF28 
13: 00007FF6776AED8D 
17: 00007FF6772F8B9F 
14: 00007FF6772DDD75 
18: 00007FF6772FA486 
15: 00007FF6777F8B31 
19: 00007FF6772F4EA5 
16: 00007FF676D58D8D 
20: 00007FF6772F9D3C 
17: 00007FF676B3D03A 
21: 00007FF6772FA5A2 
18: 00007FF676B41C4A 
22: 00007FF6772F4EA5 
19: 00007FF676B373E5 
23: 00007FF6772F9D3C 
20: 00007FF676D79893 
24: 00007FF6772FA5A2 
21: 00007FF6785012DE 
25: 00007FF6772F4EA5 
22: 00007FF85572E957 BaseThreadInitThunk+23
26: 00007FF6772F9D3C 
23: 00007FF85798427C RtlUserThreadStart+44
27: 00007FF6772FA5A2 
28: 00007FF6772F4EA5 
29: 00007FF6772F9D3C 
30: 00007FF6772FA5A2 
31: 00007FF6772F5DA7 
32: 00007FF6772FAB4F 
33: 00007FF677642CAC 
34: 00007FF6772D5DD1 
35: 00007FF6776AF1E5 
36: 00007FF6772DDD75 
37: 00007FF6777F8B31 
38: 00007FF676D58D8D 
39: 00007FF676B3D03A 
40: 00007FF676B41C4A 
41: 00007FF676B373E5 
42: 00007FF676D79893 
43: 00007FF6785012DE 
44: 00007FF85572E957 BaseThreadInitThunk+23
45: 00007FF85798427C RtlUserThreadStart+44
 1: 00007FF676D1A2ED 
 1: 00007FF676D1A2ED 
 1: 00007FF676D1A2ED 
 1: 00007FF676D1A2ED node::SetCppgcReference+17725
 2: 00007FF676BFBDEF 
 3: 00007FF677DF5336 
 2: 00007FF676BFBDEF 
 2: 00007FF676BFBDEF 
 2: 00007FF676BFBDEF node::TriggerNodeReport+73871
 4: 00007FF677802F33 
 3: 00007FF677DF5336 
 3: 00007FF677DF5336 
 3: 00007FF677DF5336 v8::base::FatalOOM+54
 5: 00007FF6777EFB66 
 4: 00007FF677802F33 
 4: 00007FF677802F33 
 4: 00007FF677802F33 v8::Isolate::ReportExternalAllocationLimitReached+147
 6: 00007FF67763CDC0 
 5: 00007FF6777EFB66 
 5: 00007FF6777EFB66 
 5: 00007FF6777EFB66 v8::Function::Experimental_IsNopFunction+2870
 7: 00007FF677604D7A 
 6: 00007FF67764AA8E 
 6: 00007FF67763CDC0 
 6: 00007FF67763CDC0 v8::internal::StrongRootAllocatorBase::StrongRootAllocatorBase+31456
 8: 00007FF677605390 
 7: 00007FF6776AECA7 
 7: 00007FF677604D7A 
 7: 00007FF677604D7A v8::CpuProfileNode::GetScriptResourceNameStr+3146
 9: 00007FF677605095 
 8: 00007FF6772DDD75 
 8: 00007FF677605390 
 8: 00007FF677605390 v8::CpuProfileNode::GetScriptResourceNameStr+4704
10: 00007FF6775F4A7B 
 9: 00007FF6777F8B31 
 9: 00007FF677605095 
 9: 00007FF677605095 v8::CpuProfileNode::GetScriptResourceNameStr+3941
11: 00007FF6775F404A 
10: 00007FF676D58D8D 
10: 00007FF6775F4A7B 
10: 00007FF6775F4A7B v8::PrimitiveArray::Length+126619
12: 00007FF67764AB22 
11: 00007FF676B3D03A 
11: 00007FF6775F404A 
11: 00007FF6775F404A v8::PrimitiveArray::Length+124010
13: 00007FF6776AED8D 
12: 00007FF676B41C4A 
12: 00007FF67764AB22 
12: 00007FF67764AB22 v8::internal::StrongRootAllocatorBase::StrongRootAllocatorBase+88130
13: 00007FF676B373E5 
13: 00007FF6776AED8D 
14: 00007FF6772DDD75 
15: 00007FF6777F8B31 
14: 00007FF676D79893 
13: 00007FF6776AED8D v8::base::CPU::has_sse41+74237
14: 00007FF6772DDD75 
14: 00007FF6772DDD75 v8::base::AddressSpaceReservation::AddressSpaceReservation+11461
16: 00007FF676D58D8D 
15: 00007FF6785012DE 
15: 00007FF6777F8B31 
15: 00007FF6777F8B31 v8::Isolate::Initialize+433
17: 00007FF676B3D03A 
16: 00007FF85572E957 BaseThreadInitThunk+23
16: 00007FF676D58D8D 
16: 00007FF676D58D8D node::NewContext+397
18: 00007FF676B41C4A 
17: 00007FF85798427C 
17: 00007FF676B3D03A 
17: 00007FF676B3D03A RSA_meth_get_flags+214778
19: 00007FF676B373E5 
18: 00007FF676B41C4A RSA_meth_get_flags+234250
20: 00007FF676D79893 
18: 00007FF676B41C4A 
19: 00007FF676B373E5 
19: 00007FF676B373E5 RSA_meth_get_flags+191141
21: 00007FF6785012DE 
20: 00007FF676D79893 
20: 00007FF676D79893 uv_poll_stop+291
22: 00007FF85572E957 BaseThreadInitThunk+23
21: 00007FF6785012DE inflateValidate+159742
23: 00007FF85798427C RtlUserThreadStart+44
21: 00007FF6785012DE 
22: 00007FF85572E957 BaseThreadInitThunk+23
22: 00007FF85572E957 BaseThreadInitThunk+23
23: 00007FF85798427C RtlUserThreadStart+44
23: 00007FF85798427C RtlUserThreadStart+44
